Copyright 1986-2022 Xilinx, Inc. All Rights Reserved. Copyright 2022-2023 Advanced Micro Devices, Inc. All Rights Reserved.
---------------------------------------------------------------------------------------------------------------------------------------------------------------------------------------------------------------------------------
| Tool Version : Vivado v.2023.1 (win64) Build 3865809 Sun May  7 15:05:29 MDT 2023
| Date         : Thu Sep  3 20:52:40 2026
| Host         : JC-DellPrem running 64-bit major release  (build 9200)
| Command      : report_timing_summary -max_paths 10 -report_unconstrained -file blinking_led_timing_summary_routed.rpt -pb blinking_led_timing_summary_routed.pb -rpx blinking_led_timing_summary_routed.rpx -warn_on_violation
| Design       : blinking_led
| Device       : 7z010-clg400
| Speed File   : -1  PRODUCTION 1.12 2019-11-22
| Design State : Routed
---------------------------------------------------------------------------------------------------------------------------------------------------------------------------------------------------------------------------------

Timing Summary Report

------------------------------------------------------------------------------------------------
| Timer Settings
| --------------
------------------------------------------------------------------------------------------------

  Enable Multi Corner Analysis               :  Yes
  Enable Pessimism Removal                   :  Yes
  Pessimism Removal Resolution               :  Nearest Common Node
  Enable Input Delay Default Clock           :  No
  Enable Preset / Clear Arcs                 :  No
  Disable Flight Delays                      :  No
  Ignore I/O Paths                           :  No
  Timing Early Launch at Borrowing Latches   :  No
  Borrow Time for Max Delay Exceptions       :  Yes
  Merge Timing Exceptions                    :  Yes

  Corner  Analyze    Analyze    
  Name    Max Paths  Min Paths  
  ------  ---------  ---------  
  Slow    Yes        Yes        
  Fast    Yes        Yes        


------------------------------------------------------------------------------------------------
| Report Methodology
| ------------------
------------------------------------------------------------------------------------------------

Rule       Severity  Description                    Violations  
---------  --------  -----------------------------  ----------  
TIMING-18  Warning   Missing input or output delay  3           

Note: This report is based on the most recent report_methodology run and may not be up-to-date. Run report_methodology on the current design for the latest report.



check_timing report

Table of Contents
-----------------
1. checking no_clock (0)
2. checking constant_clock (0)
3. checking pulse_width_clock (0)
4. checking unconstrained_internal_endpoints (0)
5. checking no_input_delay (2)
6. checking no_output_delay (1)
7. checking multiple_clock (0)
8. checking generated_clocks (0)
9. checking loops (0)
10. checking partial_input_delay (0)
11. checking partial_output_delay (0)
12. checking latch_loops (0)

1. checking no_clock (0)
------------------------
 There are 0 register/latch pins with no clock.


2. checking constant_clock (0)
------------------------------
 There are 0 register/latch pins with constant_clock.


3. checking pulse_width_clock (0)
---------------------------------
 There are 0 register/latch pins which need pulse_width check


4. checking unconstrained_internal_endpoints (0)
------------------------------------------------
 There are 0 pins that are not constrained for maximum delay.

 There are 0 pins that are not constrained for maximum delay due to constant clock.


5. checking no_input_delay (2)
------------------------------
 There are 2 input ports with no input delay specified. (HIGH)

 There are 0 input ports with no input delay but user has a false path constraint.


6. checking no_output_delay (1)
-------------------------------
 There is 1 port with no output delay specified. (HIGH)

 There are 0 ports with no output delay but user has a false path constraint

 There are 0 ports with no output delay but with a timing clock defined on it or propagating through it


7. checking multiple_clock (0)
------------------------------
 There are 0 register/latch pins with multiple clocks.


8. checking generated_clocks (0)
--------------------------------
 There are 0 generated clocks that are not connected to a clock source.


9. checking loops (0)
---------------------
 There are 0 combinational loops in the design.


10. checking partial_input_delay (0)
------------------------------------
 There are 0 input ports with partial input delay specified.


11. checking partial_output_delay (0)
-------------------------------------
 There are 0 ports with partial output delay specified.


12. checking latch_loops (0)
----------------------------
 There are 0 combinational latch loops in the design through latch input



------------------------------------------------------------------------------------------------
| Design Timing Summary
| ---------------------
------------------------------------------------------------------------------------------------

    WNS(ns)      TNS(ns)  TNS Failing Endpoints  TNS Total Endpoints      WHS(ns)      THS(ns)  THS Failing Endpoints  THS Total Endpoints     WPWS(ns)     TPWS(ns)  TPWS Failing Endpoints  TPWS Total Endpoints  
    -------      -------  ---------------------  -------------------      -------      -------  ---------------------  -------------------     --------     --------  ----------------------  --------------------  
      2.466        0.000                      0                   53        0.107        0.000                      0                   53        3.500        0.000                       0                    28  


All user specified timing constraints are met.


------------------------------------------------------------------------------------------------
| Clock Summary
| -------------
------------------------------------------------------------------------------------------------

Clock        Waveform(ns)         Period(ns)      Frequency(MHz)
-----        ------------         ----------      --------------
sys_clk_pin  {0.000 4.000}        8.000           125.000         


------------------------------------------------------------------------------------------------
| Intra Clock Table
| -----------------
------------------------------------------------------------------------------------------------

Clock             WNS(ns)      TNS(ns)  TNS Failing Endpoints  TNS Total Endpoints      WHS(ns)      THS(ns)  THS Failing Endpoints  THS Total Endpoints     WPWS(ns)     TPWS(ns)  TPWS Failing Endpoints  TPWS Total Endpoints  
-----             -------      -------  ---------------------  -------------------      -------      -------  ---------------------  -------------------     --------     --------  ----------------------  --------------------  
sys_clk_pin         2.466        0.000                      0                   53        0.107        0.000                      0                   53        3.500        0.000                       0                    28  


------------------------------------------------------------------------------------------------
| Inter Clock Table
| -----------------
------------------------------------------------------------------------------------------------

From Clock    To Clock          WNS(ns)      TNS(ns)  TNS Failing Endpoints  TNS Total Endpoints      WHS(ns)      THS(ns)  THS Failing Endpoints  THS Total Endpoints  
----------    --------          -------      -------  ---------------------  -------------------      -------      -------  ---------------------  -------------------  


------------------------------------------------------------------------------------------------
| Other Path Groups Table
| -----------------------
------------------------------------------------------------------------------------------------

Path Group    From Clock    To Clock          WNS(ns)      TNS(ns)  TNS Failing Endpoints  TNS Total Endpoints      WHS(ns)      THS(ns)  THS Failing Endpoints  THS Total Endpoints  
----------    ----------    --------          -------      -------  ---------------------  -------------------      -------      -------  ---------------------  -------------------  


------------------------------------------------------------------------------------------------
| User Ignored Path Table
| -----------------------
------------------------------------------------------------------------------------------------

Path Group    From Clock    To Clock    
----------    ----------    --------    


------------------------------------------------------------------------------------------------
| Unconstrained Path Table
| ------------------------
------------------------------------------------------------------------------------------------

Path Group    From Clock    To Clock    
----------    ----------    --------    
(none)        sys_clk_pin                 
(none)                      sys_clk_pin   


------------------------------------------------------------------------------------------------
| Timing Details
| --------------
------------------------------------------------------------------------------------------------


---------------------------------------------------------------------------------------------------
From Clock:  sys_clk_pin
  To Clock:  sys_clk_pin

Setup :            0  Failing Endpoints,  Worst Slack        2.466ns,  Total Violation        0.000ns
Hold  :            0  Failing Endpoints,  Worst Slack        0.107ns,  Total Violation        0.000ns
PW    :            0  Failing Endpoints,  Worst Slack        3.500ns,  Total Violation        0.000ns
---------------------------------------------------------------------------------------------------


Max Delay Paths
--------------------------------------------------------------------------------------
Slack (MET) :             2.466ns  (required time - arrival time)
  Source:                 count_reg[2]/C
                            (rising edge-triggered cell FDRE clocked by sys_clk_pin  {rise@0.000ns fall@4.000ns period=8.000ns})
  Destination:            count_reg[10]/R
                            (rising edge-triggered cell FDRE clocked by sys_clk_pin  {rise@0.000ns fall@4.000ns period=8.000ns})
  Path Group:             sys_clk_pin
  Path Type:              Setup (Max at Slow Process Corner)
  Requirement:            8.000ns  (sys_clk_pin rise@8.000ns - sys_clk_pin rise@0.000ns)
  Data Path Delay:        4.875ns  (logic 1.200ns (24.613%)  route 3.675ns (75.387%))
  Logic Levels:           6  (LUT3=1 LUT6=5)
  Clock Path Skew:        -0.194ns (DCD - SCD + CPR)
    Destination Clock Delay (DCD):    4.956ns = ( 12.956 - 8.000 ) 
    Source Clock Delay      (SCD):    5.427ns
    Clock Pessimism Removal (CPR):    0.277ns
  Clock Uncertainty:      0.035ns  ((TSJ^2 + TIJ^2)^1/2 + DJ) / 2 + PE
    Total System Jitter     (TSJ):    0.071ns
    Total Input Jitter      (TIJ):    0.000ns
    Discrete Jitter          (DJ):    0.000ns
    Phase Error              (PE):    0.000ns

    Location             Delay type                Incr(ns)  Path(ns)    Netlist Resource(s)
  -------------------------------------------------------------------    -------------------
                         (clock sys_clk_pin rise edge)
                                                      0.000     0.000 r  
    K17                                               0.000     0.000 r  sys_clk (IN)
                         net (fo=0)                   0.000     0.000    sys_clk
    K17                  IBUF (Prop_ibuf_I_O)         1.492     1.492 r  sys_clk_IBUF_inst/O
                         net (fo=1, routed)           2.076     3.568    sys_clk_IBUF
    BUFGCTRL_X0Y16       BUFG (Prop_bufg_I_O)         0.101     3.669 r  sys_clk_IBUF_BUFG_inst/O
                         net (fo=27, routed)          1.758     5.427    sys_clk_IBUF_BUFG
    SLICE_X43Y48         FDRE                                         r  count_reg[2]/C
  -------------------------------------------------------------------    -------------------
    SLICE_X43Y48         FDRE (Prop_fdre_C_Q)         0.456     5.883 r  count_reg[2]/Q
                         net (fo=2, routed)           0.862     6.745    count_reg[2]
    SLICE_X42Y48         LUT6 (Prop_lut6_I2_O)        0.124     6.869 r  count[0]_i_8/O
                         net (fo=1, routed)           0.420     7.289    count[0]_i_8_n_0
    SLICE_X42Y50         LUT6 (Prop_lut6_I2_O)        0.124     7.413 r  count[0]_i_7/O
                         net (fo=1, routed)           0.417     7.830    count[0]_i_7_n_0
    SLICE_X42Y51         LUT6 (Prop_lut6_I2_O)        0.124     7.954 r  count[0]_i_6/O
                         net (fo=1, routed)           0.417     8.372    count[0]_i_6_n_0
    SLICE_X42Y52         LUT6 (Prop_lut6_I2_O)        0.124     8.496 r  count[0]_i_5/O
                         net (fo=1, routed)           0.417     8.913    count[0]_i_5_n_0
    SLICE_X42Y53         LUT6 (Prop_lut6_I2_O)        0.124     9.037 r  count[0]_i_3/O
                         net (fo=2, routed)           0.438     9.475    count[0]_i_3_n_0
    SLICE_X42Y54         LUT3 (Prop_lut3_I1_O)        0.124     9.599 r  count[0]_i_1/O
                         net (fo=26, routed)          0.704    10.302    count[0]_i_1_n_0
    SLICE_X43Y50         FDRE                                         r  count_reg[10]/R
  -------------------------------------------------------------------    -------------------

                         (clock sys_clk_pin rise edge)
                                                      8.000     8.000 r  
    K17                                               0.000     8.000 r  sys_clk (IN)
                         net (fo=0)                   0.000     8.000    sys_clk
    K17                  IBUF (Prop_ibuf_I_O)         1.421     9.421 r  sys_clk_IBUF_inst/O
                         net (fo=1, routed)           1.880    11.301    sys_clk_IBUF
    BUFGCTRL_X0Y16       BUFG (Prop_bufg_I_O)         0.091    11.392 r  sys_clk_IBUF_BUFG_inst/O
                         net (fo=27, routed)          1.564    12.956    sys_clk_IBUF_BUFG
    SLICE_X43Y50         FDRE                                         r  count_reg[10]/C
                         clock pessimism              0.277    13.232    
                         clock uncertainty           -0.035    13.197    
    SLICE_X43Y50         FDRE (Setup_fdre_C_R)       -0.429    12.768    count_reg[10]
  -------------------------------------------------------------------
                         required time                         12.768    
                         arrival time                         -10.302    
  -------------------------------------------------------------------
                         slack                                  2.466    

Slack (MET) :             2.466ns  (required time - arrival time)
  Source:                 count_reg[2]/C
                            (rising edge-triggered cell FDRE clocked by sys_clk_pin  {rise@0.000ns fall@4.000ns period=8.000ns})
  Destination:            count_reg[11]/R
                            (rising edge-triggered cell FDRE clocked by sys_clk_pin  {rise@0.000ns fall@4.000ns period=8.000ns})
  Path Group:             sys_clk_pin
  Path Type:              Setup (Max at Slow Process Corner)
  Requirement:            8.000ns  (sys_clk_pin rise@8.000ns - sys_clk_pin rise@0.000ns)
  Data Path Delay:        4.875ns  (logic 1.200ns (24.613%)  route 3.675ns (75.387%))
  Logic Levels:           6  (LUT3=1 LUT6=5)
  Clock Path Skew:        -0.194ns (DCD - SCD + CPR)
    Destination Clock Delay (DCD):    4.956ns = ( 12.956 - 8.000 ) 
    Source Clock Delay      (SCD):    5.427ns
    Clock Pessimism Removal (CPR):    0.277ns
  Clock Uncertainty:      0.035ns  ((TSJ^2 + TIJ^2)^1/2 + DJ) / 2 + PE
    Total System Jitter     (TSJ):    0.071ns
    Total Input Jitter      (TIJ):    0.000ns
    Discrete Jitter          (DJ):    0.000ns
    Phase Error              (PE):    0.000ns

    Location             Delay type                Incr(ns)  Path(ns)    Netlist Resource(s)
  -------------------------------------------------------------------    -------------------
                         (clock sys_clk_pin rise edge)
                                                      0.000     0.000 r  
    K17                                               0.000     0.000 r  sys_clk (IN)
                         net (fo=0)                   0.000     0.000    sys_clk
    K17                  IBUF (Prop_ibuf_I_O)         1.492     1.492 r  sys_clk_IBUF_inst/O
                         net (fo=1, routed)           2.076     3.568    sys_clk_IBUF
    BUFGCTRL_X0Y16       BUFG (Prop_bufg_I_O)         0.101     3.669 r  sys_clk_IBUF_BUFG_inst/O
                         net (fo=27, routed)          1.758     5.427    sys_clk_IBUF_BUFG
    SLICE_X43Y48         FDRE                                         r  count_reg[2]/C
  -------------------------------------------------------------------    -------------------
    SLICE_X43Y48         FDRE (Prop_fdre_C_Q)         0.456     5.883 r  count_reg[2]/Q
                         net (fo=2, routed)           0.862     6.745    count_reg[2]
    SLICE_X42Y48         LUT6 (Prop_lut6_I2_O)        0.124     6.869 r  count[0]_i_8/O
                         net (fo=1, routed)           0.420     7.289    count[0]_i_8_n_0
    SLICE_X42Y50         LUT6 (Prop_lut6_I2_O)        0.124     7.413 r  count[0]_i_7/O
                         net (fo=1, routed)           0.417     7.830    count[0]_i_7_n_0
    SLICE_X42Y51         LUT6 (Prop_lut6_I2_O)        0.124     7.954 r  count[0]_i_6/O
                         net (fo=1, routed)           0.417     8.372    count[0]_i_6_n_0
    SLICE_X42Y52         LUT6 (Prop_lut6_I2_O)        0.124     8.496 r  count[0]_i_5/O
                         net (fo=1, routed)           0.417     8.913    count[0]_i_5_n_0
    SLICE_X42Y53         LUT6 (Prop_lut6_I2_O)        0.124     9.037 r  count[0]_i_3/O
                         net (fo=2, routed)           0.438     9.475    count[0]_i_3_n_0
    SLICE_X42Y54         LUT3 (Prop_lut3_I1_O)        0.124     9.599 r  count[0]_i_1/O
                         net (fo=26, routed)          0.704    10.302    count[0]_i_1_n_0
    SLICE_X43Y50         FDRE                                         r  count_reg[11]/R
  -------------------------------------------------------------------    -------------------

                         (clock sys_clk_pin rise edge)
                                                      8.000     8.000 r  
    K17                                               0.000     8.000 r  sys_clk (IN)
                         net (fo=0)                   0.000     8.000    sys_clk
    K17                  IBUF (Prop_ibuf_I_O)         1.421     9.421 r  sys_clk_IBUF_inst/O
                         net (fo=1, routed)           1.880    11.301    sys_clk_IBUF
    BUFGCTRL_X0Y16       BUFG (Prop_bufg_I_O)         0.091    11.392 r  sys_clk_IBUF_BUFG_inst/O
                         net (fo=27, routed)          1.564    12.956    sys_clk_IBUF_BUFG
    SLICE_X43Y50         FDRE                                         r  count_reg[11]/C
                         clock pessimism              0.277    13.232    
                         clock uncertainty           -0.035    13.197    
    SLICE_X43Y50         FDRE (Setup_fdre_C_R)       -0.429    12.768    count_reg[11]
  -------------------------------------------------------------------
                         required time                         12.768    
                         arrival time                         -10.302    
  -------------------------------------------------------------------
                         slack                                  2.466    

Slack (MET) :             2.466ns  (required time - arrival time)
  Source:                 count_reg[2]/C
                            (rising edge-triggered cell FDRE clocked by sys_clk_pin  {rise@0.000ns fall@4.000ns period=8.000ns})
  Destination:            count_reg[8]/R
                            (rising edge-triggered cell FDRE clocked by sys_clk_pin  {rise@0.000ns fall@4.000ns period=8.000ns})
  Path Group:             sys_clk_pin
  Path Type:              Setup (Max at Slow Process Corner)
  Requirement:            8.000ns  (sys_clk_pin rise@8.000ns - sys_clk_pin rise@0.000ns)
  Data Path Delay:        4.875ns  (logic 1.200ns (24.613%)  route 3.675ns (75.387%))
  Logic Levels:           6  (LUT3=1 LUT6=5)
  Clock Path Skew:        -0.194ns (DCD - SCD + CPR)
    Destination Clock Delay (DCD):    4.956ns = ( 12.956 - 8.000 ) 
    Source Clock Delay      (SCD):    5.427ns
    Clock Pessimism Removal (CPR):    0.277ns
  Clock Uncertainty:      0.035ns  ((TSJ^2 + TIJ^2)^1/2 + DJ) / 2 + PE
    Total System Jitter     (TSJ):    0.071ns
    Total Input Jitter      (TIJ):    0.000ns
    Discrete Jitter          (DJ):    0.000ns
    Phase Error              (PE):    0.000ns

    Location             Delay type                Incr(ns)  Path(ns)    Netlist Resource(s)
  -------------------------------------------------------------------    -------------------
                         (clock sys_clk_pin rise edge)
                                                      0.000     0.000 r  
    K17                                               0.000     0.000 r  sys_clk (IN)
                         net (fo=0)                   0.000     0.000    sys_clk
    K17                  IBUF (Prop_ibuf_I_O)         1.492     1.492 r  sys_clk_IBUF_inst/O
                         net (fo=1, routed)           2.076     3.568    sys_clk_IBUF
    BUFGCTRL_X0Y16       BUFG (Prop_bufg_I_O)         0.101     3.669 r  sys_clk_IBUF_BUFG_inst/O
                         net (fo=27, routed)          1.758     5.427    sys_clk_IBUF_BUFG
    SLICE_X43Y48         FDRE                                         r  count_reg[2]/C
  -------------------------------------------------------------------    -------------------
    SLICE_X43Y48         FDRE (Prop_fdre_C_Q)         0.456     5.883 r  count_reg[2]/Q
                         net (fo=2, routed)           0.862     6.745    count_reg[2]
    SLICE_X42Y48         LUT6 (Prop_lut6_I2_O)        0.124     6.869 r  count[0]_i_8/O
                         net (fo=1, routed)           0.420     7.289    count[0]_i_8_n_0
    SLICE_X42Y50         LUT6 (Prop_lut6_I2_O)        0.124     7.413 r  count[0]_i_7/O
                         net (fo=1, routed)           0.417     7.830    count[0]_i_7_n_0
    SLICE_X42Y51         LUT6 (Prop_lut6_I2_O)        0.124     7.954 r  count[0]_i_6/O
                         net (fo=1, routed)           0.417     8.372    count[0]_i_6_n_0
    SLICE_X42Y52         LUT6 (Prop_lut6_I2_O)        0.124     8.496 r  count[0]_i_5/O
                         net (fo=1, routed)           0.417     8.913    count[0]_i_5_n_0
    SLICE_X42Y53         LUT6 (Prop_lut6_I2_O)        0.124     9.037 r  count[0]_i_3/O
                         net (fo=2, routed)           0.438     9.475    count[0]_i_3_n_0
    SLICE_X42Y54         LUT3 (Prop_lut3_I1_O)        0.124     9.599 r  count[0]_i_1/O
                         net (fo=26, routed)          0.704    10.302    count[0]_i_1_n_0
    SLICE_X43Y50         FDRE                                         r  count_reg[8]/R
  -------------------------------------------------------------------    -------------------

                         (clock sys_clk_pin rise edge)
                                                      8.000     8.000 r  
    K17                                               0.000     8.000 r  sys_clk (IN)
                         net (fo=0)                   0.000     8.000    sys_clk
    K17                  IBUF (Prop_ibuf_I_O)         1.421     9.421 r  sys_clk_IBUF_inst/O
                         net (fo=1, routed)           1.880    11.301    sys_clk_IBUF
    BUFGCTRL_X0Y16       BUFG (Prop_bufg_I_O)         0.091    11.392 r  sys_clk_IBUF_BUFG_inst/O
                         net (fo=27, routed)          1.564    12.956    sys_clk_IBUF_BUFG
    SLICE_X43Y50         FDRE                                         r  count_reg[8]/C
                         clock pessimism              0.277    13.232    
                         clock uncertainty           -0.035    13.197    
    SLICE_X43Y50         FDRE (Setup_fdre_C_R)       -0.429    12.768    count_reg[8]
  -------------------------------------------------------------------
                         required time                         12.768    
                         arrival time                         -10.302    
  -------------------------------------------------------------------
                         slack                                  2.466    

Slack (MET) :             2.466ns  (required time - arrival time)
  Source:                 count_reg[2]/C
                            (rising edge-triggered cell FDRE clocked by sys_clk_pin  {rise@0.000ns fall@4.000ns period=8.000ns})
  Destination:            count_reg[9]/R
                            (rising edge-triggered cell FDRE clocked by sys_clk_pin  {rise@0.000ns fall@4.000ns period=8.000ns})
  Path Group:             sys_clk_pin
  Path Type:              Setup (Max at Slow Process Corner)
  Requirement:            8.000ns  (sys_clk_pin rise@8.000ns - sys_clk_pin rise@0.000ns)
  Data Path Delay:        4.875ns  (logic 1.200ns (24.613%)  route 3.675ns (75.387%))
  Logic Levels:           6  (LUT3=1 LUT6=5)
  Clock Path Skew:        -0.194ns (DCD - SCD + CPR)
    Destination Clock Delay (DCD):    4.956ns = ( 12.956 - 8.000 ) 
    Source Clock Delay      (SCD):    5.427ns
    Clock Pessimism Removal (CPR):    0.277ns
  Clock Uncertainty:      0.035ns  ((TSJ^2 + TIJ^2)^1/2 + DJ) / 2 + PE
    Total System Jitter     (TSJ):    0.071ns
    Total Input Jitter      (TIJ):    0.000ns
    Discrete Jitter          (DJ):    0.000ns
    Phase Error              (PE):    0.000ns

    Location             Delay type                Incr(ns)  Path(ns)    Netlist Resource(s)
  -------------------------------------------------------------------    -------------------
                         (clock sys_clk_pin rise edge)
                                                      0.000     0.000 r  
    K17                                               0.000     0.000 r  sys_clk (IN)
                         net (fo=0)                   0.000     0.000    sys_clk
    K17                  IBUF (Prop_ibuf_I_O)         1.492     1.492 r  sys_clk_IBUF_inst/O
                         net (fo=1, routed)           2.076     3.568    sys_clk_IBUF
    BUFGCTRL_X0Y16       BUFG (Prop_bufg_I_O)         0.101     3.669 r  sys_clk_IBUF_BUFG_inst/O
                         net (fo=27, routed)          1.758     5.427    sys_clk_IBUF_BUFG
    SLICE_X43Y48         FDRE                                         r  count_reg[2]/C
  -------------------------------------------------------------------    -------------------
    SLICE_X43Y48         FDRE (Prop_fdre_C_Q)         0.456     5.883 r  count_reg[2]/Q
                         net (fo=2, routed)           0.862     6.745    count_reg[2]
    SLICE_X42Y48         LUT6 (Prop_lut6_I2_O)        0.124     6.869 r  count[0]_i_8/O
                         net (fo=1, routed)           0.420     7.289    count[0]_i_8_n_0
    SLICE_X42Y50         LUT6 (Prop_lut6_I2_O)        0.124     7.413 r  count[0]_i_7/O
                         net (fo=1, routed)           0.417     7.830    count[0]_i_7_n_0
    SLICE_X42Y51         LUT6 (Prop_lut6_I2_O)        0.124     7.954 r  count[0]_i_6/O
                         net (fo=1, routed)           0.417     8.372    count[0]_i_6_n_0
    SLICE_X42Y52         LUT6 (Prop_lut6_I2_O)        0.124     8.496 r  count[0]_i_5/O
                         net (fo=1, routed)           0.417     8.913    count[0]_i_5_n_0
    SLICE_X42Y53         LUT6 (Prop_lut6_I2_O)        0.124     9.037 r  count[0]_i_3/O
                         net (fo=2, routed)           0.438     9.475    count[0]_i_3_n_0
    SLICE_X42Y54         LUT3 (Prop_lut3_I1_O)        0.124     9.599 r  count[0]_i_1/O
                         net (fo=26, routed)          0.704    10.302    count[0]_i_1_n_0
    SLICE_X43Y50         FDRE                                         r  count_reg[9]/R
  -------------------------------------------------------------------    -------------------

                         (clock sys_clk_pin rise edge)
                                                      8.000     8.000 r  
    K17                                               0.000     8.000 r  sys_clk (IN)
                         net (fo=0)                   0.000     8.000    sys_clk
    K17                  IBUF (Prop_ibuf_I_O)         1.421     9.421 r  sys_clk_IBUF_inst/O
                         net (fo=1, routed)           1.880    11.301    sys_clk_IBUF
    BUFGCTRL_X0Y16       BUFG (Prop_bufg_I_O)         0.091    11.392 r  sys_clk_IBUF_BUFG_inst/O
                         net (fo=27, routed)          1.564    12.956    sys_clk_IBUF_BUFG
    SLICE_X43Y50         FDRE                                         r  count_reg[9]/C
                         clock pessimism              0.277    13.232    
                         clock uncertainty           -0.035    13.197    
    SLICE_X43Y50         FDRE (Setup_fdre_C_R)       -0.429    12.768    count_reg[9]
  -------------------------------------------------------------------
                         required time                         12.768    
                         arrival time                         -10.302    
  -------------------------------------------------------------------
                         slack                                  2.466    

Slack (MET) :             2.505ns  (required time - arrival time)
  Source:                 count_reg[2]/C
                            (rising edge-triggered cell FDRE clocked by sys_clk_pin  {rise@0.000ns fall@4.000ns period=8.000ns})
  Destination:            count_reg[24]/R
                            (rising edge-triggered cell FDRE clocked by sys_clk_pin  {rise@0.000ns fall@4.000ns period=8.000ns})
  Path Group:             sys_clk_pin
  Path Type:              Setup (Max at Slow Process Corner)
  Requirement:            8.000ns  (sys_clk_pin rise@8.000ns - sys_clk_pin rise@0.000ns)
  Data Path Delay:        4.835ns  (logic 1.200ns (24.817%)  route 3.635ns (75.183%))
  Logic Levels:           6  (LUT3=1 LUT6=5)
  Clock Path Skew:        -0.195ns (DCD - SCD + CPR)
    Destination Clock Delay (DCD):    4.955ns = ( 12.955 - 8.000 ) 
    Source Clock Delay      (SCD):    5.427ns
    Clock Pessimism Removal (CPR):    0.277ns
  Clock Uncertainty:      0.035ns  ((TSJ^2 + TIJ^2)^1/2 + DJ) / 2 + PE
    Total System Jitter     (TSJ):    0.071ns
    Total Input Jitter      (TIJ):    0.000ns
    Discrete Jitter          (DJ):    0.000ns
    Phase Error              (PE):    0.000ns

    Location             Delay type                Incr(ns)  Path(ns)    Netlist Resource(s)
  -------------------------------------------------------------------    -------------------
                         (clock sys_clk_pin rise edge)
                                                      0.000     0.000 r  
    K17                                               0.000     0.000 r  sys_clk (IN)
                         net (fo=0)                   0.000     0.000    sys_clk
    K17                  IBUF (Prop_ibuf_I_O)         1.492     1.492 r  sys_clk_IBUF_inst/O
                         net (fo=1, routed)           2.076     3.568    sys_clk_IBUF
    BUFGCTRL_X0Y16       BUFG (Prop_bufg_I_O)         0.101     3.669 r  sys_clk_IBUF_BUFG_inst/O
                         net (fo=27, routed)          1.758     5.427    sys_clk_IBUF_BUFG
    SLICE_X43Y48         FDRE                                         r  count_reg[2]/C
  -------------------------------------------------------------------    -------------------
    SLICE_X43Y48         FDRE (Prop_fdre_C_Q)         0.456     5.883 r  count_reg[2]/Q
                         net (fo=2, routed)           0.862     6.745    count_reg[2]
    SLICE_X42Y48         LUT6 (Prop_lut6_I2_O)        0.124     6.869 r  count[0]_i_8/O
                         net (fo=1, routed)           0.420     7.289    count[0]_i_8_n_0
    SLICE_X42Y50         LUT6 (Prop_lut6_I2_O)        0.124     7.413 r  count[0]_i_7/O
                         net (fo=1, routed)           0.417     7.830    count[0]_i_7_n_0
    SLICE_X42Y51         LUT6 (Prop_lut6_I2_O)        0.124     7.954 r  count[0]_i_6/O
                         net (fo=1, routed)           0.417     8.372    count[0]_i_6_n_0
    SLICE_X42Y52         LUT6 (Prop_lut6_I2_O)        0.124     8.496 r  count[0]_i_5/O
                         net (fo=1, routed)           0.417     8.913    count[0]_i_5_n_0
    SLICE_X42Y53         LUT6 (Prop_lut6_I2_O)        0.124     9.037 r  count[0]_i_3/O
                         net (fo=2, routed)           0.438     9.475    count[0]_i_3_n_0
    SLICE_X42Y54         LUT3 (Prop_lut3_I1_O)        0.124     9.599 r  count[0]_i_1/O
                         net (fo=26, routed)          0.664    10.262    count[0]_i_1_n_0
    SLICE_X43Y54         FDRE                                         r  count_reg[24]/R
  -------------------------------------------------------------------    -------------------

                         (clock sys_clk_pin rise edge)
                                                      8.000     8.000 r  
    K17                                               0.000     8.000 r  sys_clk (IN)
                         net (fo=0)                   0.000     8.000    sys_clk
    K17                  IBUF (Prop_ibuf_I_O)         1.421     9.421 r  sys_clk_IBUF_inst/O
                         net (fo=1, routed)           1.880    11.301    sys_clk_IBUF
    BUFGCTRL_X0Y16       BUFG (Prop_bufg_I_O)         0.091    11.392 r  sys_clk_IBUF_BUFG_inst/O
                         net (fo=27, routed)          1.563    12.955    sys_clk_IBUF_BUFG
    SLICE_X43Y54         FDRE                                         r  count_reg[24]/C
                         clock pessimism              0.277    13.231    
                         clock uncertainty           -0.035    13.196    
    SLICE_X43Y54         FDRE (Setup_fdre_C_R)       -0.429    12.767    count_reg[24]
  -------------------------------------------------------------------
                         required time                         12.767    
                         arrival time                         -10.262    
  -------------------------------------------------------------------
                         slack                                  2.505    

Slack (MET) :             2.505ns  (required time - arrival time)
  Source:                 count_reg[2]/C
                            (rising edge-triggered cell FDRE clocked by sys_clk_pin  {rise@0.000ns fall@4.000ns period=8.000ns})
  Destination:            count_reg[25]/R
                            (rising edge-triggered cell FDRE clocked by sys_clk_pin  {rise@0.000ns fall@4.000ns period=8.000ns})
  Path Group:             sys_clk_pin
  Path Type:              Setup (Max at Slow Process Corner)
  Requirement:            8.000ns  (sys_clk_pin rise@8.000ns - sys_clk_pin rise@0.000ns)
  Data Path Delay:        4.835ns  (logic 1.200ns (24.817%)  route 3.635ns (75.183%))
  Logic Levels:           6  (LUT3=1 LUT6=5)
  Clock Path Skew:        -0.195ns (DCD - SCD + CPR)
    Destination Clock Delay (DCD):    4.955ns = ( 12.955 - 8.000 ) 
    Source Clock Delay      (SCD):    5.427ns
    Clock Pessimism Removal (CPR):    0.277ns
  Clock Uncertainty:      0.035ns  ((TSJ^2 + TIJ^2)^1/2 + DJ) / 2 + PE
    Total System Jitter     (TSJ):    0.071ns
    Total Input Jitter      (TIJ):    0.000ns
    Discrete Jitter          (DJ):    0.000ns
    Phase Error              (PE):    0.000ns

    Location             Delay type                Incr(ns)  Path(ns)    Netlist Resource(s)
  -------------------------------------------------------------------    -------------------
                         (clock sys_clk_pin rise edge)
                                                      0.000     0.000 r  
    K17                                               0.000     0.000 r  sys_clk (IN)
                         net (fo=0)                   0.000     0.000    sys_clk
    K17                  IBUF (Prop_ibuf_I_O)         1.492     1.492 r  sys_clk_IBUF_inst/O
                         net (fo=1, routed)           2.076     3.568    sys_clk_IBUF
    BUFGCTRL_X0Y16       BUFG (Prop_bufg_I_O)         0.101     3.669 r  sys_clk_IBUF_BUFG_inst/O
                         net (fo=27, routed)          1.758     5.427    sys_clk_IBUF_BUFG
    SLICE_X43Y48         FDRE                                         r  count_reg[2]/C
  -------------------------------------------------------------------    -------------------
    SLICE_X43Y48         FDRE (Prop_fdre_C_Q)         0.456     5.883 r  count_reg[2]/Q
                         net (fo=2, routed)           0.862     6.745    count_reg[2]
    SLICE_X42Y48         LUT6 (Prop_lut6_I2_O)        0.124     6.869 r  count[0]_i_8/O
                         net (fo=1, routed)           0.420     7.289    count[0]_i_8_n_0
    SLICE_X42Y50         LUT6 (Prop_lut6_I2_O)        0.124     7.413 r  count[0]_i_7/O
                         net (fo=1, routed)           0.417     7.830    count[0]_i_7_n_0
    SLICE_X42Y51         LUT6 (Prop_lut6_I2_O)        0.124     7.954 r  count[0]_i_6/O
                         net (fo=1, routed)           0.417     8.372    count[0]_i_6_n_0
    SLICE_X42Y52         LUT6 (Prop_lut6_I2_O)        0.124     8.496 r  count[0]_i_5/O
                         net (fo=1, routed)           0.417     8.913    count[0]_i_5_n_0
    SLICE_X42Y53         LUT6 (Prop_lut6_I2_O)        0.124     9.037 r  count[0]_i_3/O
                         net (fo=2, routed)           0.438     9.475    count[0]_i_3_n_0
    SLICE_X42Y54         LUT3 (Prop_lut3_I1_O)        0.124     9.599 r  count[0]_i_1/O
                         net (fo=26, routed)          0.664    10.262    count[0]_i_1_n_0
    SLICE_X43Y54         FDRE                                         r  count_reg[25]/R
  -------------------------------------------------------------------    -------------------

                         (clock sys_clk_pin rise edge)
                                                      8.000     8.000 r  
    K17                                               0.000     8.000 r  sys_clk (IN)
                         net (fo=0)                   0.000     8.000    sys_clk
    K17                  IBUF (Prop_ibuf_I_O)         1.421     9.421 r  sys_clk_IBUF_inst/O
                         net (fo=1, routed)           1.880    11.301    sys_clk_IBUF
    BUFGCTRL_X0Y16       BUFG (Prop_bufg_I_O)         0.091    11.392 r  sys_clk_IBUF_BUFG_inst/O
                         net (fo=27, routed)          1.563    12.955    sys_clk_IBUF_BUFG
    SLICE_X43Y54         FDRE                                         r  count_reg[25]/C
                         clock pessimism              0.277    13.231    
                         clock uncertainty           -0.035    13.196    
    SLICE_X43Y54         FDRE (Setup_fdre_C_R)       -0.429    12.767    count_reg[25]
  -------------------------------------------------------------------
                         required time                         12.767    
                         arrival time                         -10.262    
  -------------------------------------------------------------------
                         slack                                  2.505    

Slack (MET) :             2.515ns  (required time - arrival time)
  Source:                 count_reg[2]/C
                            (rising edge-triggered cell FDRE clocked by sys_clk_pin  {rise@0.000ns fall@4.000ns period=8.000ns})
  Destination:            count_reg[0]/R
                            (rising edge-triggered cell FDRE clocked by sys_clk_pin  {rise@0.000ns fall@4.000ns period=8.000ns})
  Path Group:             sys_clk_pin
  Path Type:              Setup (Max at Slow Process Corner)
  Requirement:            8.000ns  (sys_clk_pin rise@8.000ns - sys_clk_pin rise@0.000ns)
  Data Path Delay:        5.021ns  (logic 1.200ns (23.901%)  route 3.821ns (76.099%))
  Logic Levels:           6  (LUT3=1 LUT6=5)
  Clock Path Skew:        0.000ns (DCD - SCD + CPR)
    Destination Clock Delay (DCD):    4.973ns = ( 12.972 - 8.000 ) 
    Source Clock Delay      (SCD):    5.427ns
    Clock Pessimism Removal (CPR):    0.454ns
  Clock Uncertainty:      0.035ns  ((TSJ^2 + TIJ^2)^1/2 + DJ) / 2 + PE
    Total System Jitter     (TSJ):    0.071ns
    Total Input Jitter      (TIJ):    0.000ns
    Discrete Jitter          (DJ):    0.000ns
    Phase Error              (PE):    0.000ns

    Location             Delay type                Incr(ns)  Path(ns)    Netlist Resource(s)
  -------------------------------------------------------------------    -------------------
                         (clock sys_clk_pin rise edge)
                                                      0.000     0.000 r  
    K17                                               0.000     0.000 r  sys_clk (IN)
                         net (fo=0)                   0.000     0.000    sys_clk
    K17                  IBUF (Prop_ibuf_I_O)         1.492     1.492 r  sys_clk_IBUF_inst/O
                         net (fo=1, routed)           2.076     3.568    sys_clk_IBUF
    BUFGCTRL_X0Y16       BUFG (Prop_bufg_I_O)         0.101     3.669 r  sys_clk_IBUF_BUFG_inst/O
                         net (fo=27, routed)          1.758     5.427    sys_clk_IBUF_BUFG
    SLICE_X43Y48         FDRE                                         r  count_reg[2]/C
  -------------------------------------------------------------------    -------------------
    SLICE_X43Y48         FDRE (Prop_fdre_C_Q)         0.456     5.883 r  count_reg[2]/Q
                         net (fo=2, routed)           0.862     6.745    count_reg[2]
    SLICE_X42Y48         LUT6 (Prop_lut6_I2_O)        0.124     6.869 r  count[0]_i_8/O
                         net (fo=1, routed)           0.420     7.289    count[0]_i_8_n_0
    SLICE_X42Y50         LUT6 (Prop_lut6_I2_O)        0.124     7.413 r  count[0]_i_7/O
                         net (fo=1, routed)           0.417     7.830    count[0]_i_7_n_0
    SLICE_X42Y51         LUT6 (Prop_lut6_I2_O)        0.124     7.954 r  count[0]_i_6/O
                         net (fo=1, routed)           0.417     8.372    count[0]_i_6_n_0
    SLICE_X42Y52         LUT6 (Prop_lut6_I2_O)        0.124     8.496 r  count[0]_i_5/O
                         net (fo=1, routed)           0.417     8.913    count[0]_i_5_n_0
    SLICE_X42Y53         LUT6 (Prop_lut6_I2_O)        0.124     9.037 r  count[0]_i_3/O
                         net (fo=2, routed)           0.438     9.475    count[0]_i_3_n_0
    SLICE_X42Y54         LUT3 (Prop_lut3_I1_O)        0.124     9.599 r  count[0]_i_1/O
                         net (fo=26, routed)          0.849    10.448    count[0]_i_1_n_0
    SLICE_X43Y48         FDRE                                         r  count_reg[0]/R
  -------------------------------------------------------------------    -------------------

                         (clock sys_clk_pin rise edge)
                                                      8.000     8.000 r  
    K17                                               0.000     8.000 r  sys_clk (IN)
                         net (fo=0)                   0.000     8.000    sys_clk
    K17                  IBUF (Prop_ibuf_I_O)         1.421     9.421 r  sys_clk_IBUF_inst/O
                         net (fo=1, routed)           1.880    11.301    sys_clk_IBUF
    BUFGCTRL_X0Y16       BUFG (Prop_bufg_I_O)         0.091    11.392 r  sys_clk_IBUF_BUFG_inst/O
                         net (fo=27, routed)          1.580    12.972    sys_clk_IBUF_BUFG
    SLICE_X43Y48         FDRE                                         r  count_reg[0]/C
                         clock pessimism              0.454    13.427    
                         clock uncertainty           -0.035    13.391    
    SLICE_X43Y48         FDRE (Setup_fdre_C_R)       -0.429    12.962    count_reg[0]
  -------------------------------------------------------------------
                         required time                         12.962    
                         arrival time                         -10.448    
  -------------------------------------------------------------------
                         slack                                  2.515    

Slack (MET) :             2.515ns  (required time - arrival time)
  Source:                 count_reg[2]/C
                            (rising edge-triggered cell FDRE clocked by sys_clk_pin  {rise@0.000ns fall@4.000ns period=8.000ns})
  Destination:            count_reg[1]/R
                            (rising edge-triggered cell FDRE clocked by sys_clk_pin  {rise@0.000ns fall@4.000ns period=8.000ns})
  Path Group:             sys_clk_pin
  Path Type:              Setup (Max at Slow Process Corner)
  Requirement:            8.000ns  (sys_clk_pin rise@8.000ns - sys_clk_pin rise@0.000ns)
  Data Path Delay:        5.021ns  (logic 1.200ns (23.901%)  route 3.821ns (76.099%))
  Logic Levels:           6  (LUT3=1 LUT6=5)
  Clock Path Skew:        0.000ns (DCD - SCD + CPR)
    Destination Clock Delay (DCD):    4.973ns = ( 12.972 - 8.000 ) 
    Source Clock Delay      (SCD):    5.427ns
    Clock Pessimism Removal (CPR):    0.454ns
  Clock Uncertainty:      0.035ns  ((TSJ^2 + TIJ^2)^1/2 + DJ) / 2 + PE
    Total System Jitter     (TSJ):    0.071ns
    Total Input Jitter      (TIJ):    0.000ns
    Discrete Jitter          (DJ):    0.000ns
    Phase Error              (PE):    0.000ns

    Location             Delay type                Incr(ns)  Path(ns)    Netlist Resource(s)
  -------------------------------------------------------------------    -------------------
                         (clock sys_clk_pin rise edge)
                                                      0.000     0.000 r  
    K17                                               0.000     0.000 r  sys_clk (IN)
                         net (fo=0)                   0.000     0.000    sys_clk
    K17                  IBUF (Prop_ibuf_I_O)         1.492     1.492 r  sys_clk_IBUF_inst/O
                         net (fo=1, routed)           2.076     3.568    sys_clk_IBUF
    BUFGCTRL_X0Y16       BUFG (Prop_bufg_I_O)         0.101     3.669 r  sys_clk_IBUF_BUFG_inst/O
                         net (fo=27, routed)          1.758     5.427    sys_clk_IBUF_BUFG
    SLICE_X43Y48         FDRE                                         r  count_reg[2]/C
  -------------------------------------------------------------------    -------------------
    SLICE_X43Y48         FDRE (Prop_fdre_C_Q)         0.456     5.883 r  count_reg[2]/Q
                         net (fo=2, routed)           0.862     6.745    count_reg[2]
    SLICE_X42Y48         LUT6 (Prop_lut6_I2_O)        0.124     6.869 r  count[0]_i_8/O
                         net (fo=1, routed)           0.420     7.289    count[0]_i_8_n_0
    SLICE_X42Y50         LUT6 (Prop_lut6_I2_O)        0.124     7.413 r  count[0]_i_7/O
                         net (fo=1, routed)           0.417     7.830    count[0]_i_7_n_0
    SLICE_X42Y51         LUT6 (Prop_lut6_I2_O)        0.124     7.954 r  count[0]_i_6/O
                         net (fo=1, routed)           0.417     8.372    count[0]_i_6_n_0
    SLICE_X42Y52         LUT6 (Prop_lut6_I2_O)        0.124     8.496 r  count[0]_i_5/O
                         net (fo=1, routed)           0.417     8.913    count[0]_i_5_n_0
    SLICE_X42Y53         LUT6 (Prop_lut6_I2_O)        0.124     9.037 r  count[0]_i_3/O
                         net (fo=2, routed)           0.438     9.475    count[0]_i_3_n_0
    SLICE_X42Y54         LUT3 (Prop_lut3_I1_O)        0.124     9.599 r  count[0]_i_1/O
                         net (fo=26, routed)          0.849    10.448    count[0]_i_1_n_0
    SLICE_X43Y48         FDRE                                         r  count_reg[1]/R
  -------------------------------------------------------------------    -------------------

                         (clock sys_clk_pin rise edge)
                                                      8.000     8.000 r  
    K17                                               0.000     8.000 r  sys_clk (IN)
                         net (fo=0)                   0.000     8.000    sys_clk
    K17                  IBUF (Prop_ibuf_I_O)         1.421     9.421 r  sys_clk_IBUF_inst/O
                         net (fo=1, routed)           1.880    11.301    sys_clk_IBUF
    BUFGCTRL_X0Y16       BUFG (Prop_bufg_I_O)         0.091    11.392 r  sys_clk_IBUF_BUFG_inst/O
                         net (fo=27, routed)          1.580    12.972    sys_clk_IBUF_BUFG
    SLICE_X43Y48         FDRE                                         r  count_reg[1]/C
                         clock pessimism              0.454    13.427    
                         clock uncertainty           -0.035    13.391    
    SLICE_X43Y48         FDRE (Setup_fdre_C_R)       -0.429    12.962    count_reg[1]
  -------------------------------------------------------------------
                         required time                         12.962    
                         arrival time                         -10.448    
  -------------------------------------------------------------------
                         slack                                  2.515    

Slack (MET) :             2.515ns  (required time - arrival time)
  Source:                 count_reg[2]/C
                            (rising edge-triggered cell FDRE clocked by sys_clk_pin  {rise@0.000ns fall@4.000ns period=8.000ns})
  Destination:            count_reg[2]/R
                            (rising edge-triggered cell FDRE clocked by sys_clk_pin  {rise@0.000ns fall@4.000ns period=8.000ns})
  Path Group:             sys_clk_pin
  Path Type:              Setup (Max at Slow Process Corner)
  Requirement:            8.000ns  (sys_clk_pin rise@8.000ns - sys_clk_pin rise@0.000ns)
  Data Path Delay:        5.021ns  (logic 1.200ns (23.901%)  route 3.821ns (76.099%))
  Logic Levels:           6  (LUT3=1 LUT6=5)
  Clock Path Skew:        0.000ns (DCD - SCD + CPR)
    Destination Clock Delay (DCD):    4.973ns = ( 12.972 - 8.000 ) 
    Source Clock Delay      (SCD):    5.427ns
    Clock Pessimism Removal (CPR):    0.454ns
  Clock Uncertainty:      0.035ns  ((TSJ^2 + TIJ^2)^1/2 + DJ) / 2 + PE
    Total System Jitter     (TSJ):    0.071ns
    Total Input Jitter      (TIJ):    0.000ns
    Discrete Jitter          (DJ):    0.000ns
    Phase Error              (PE):    0.000ns

    Location             Delay type                Incr(ns)  Path(ns)    Netlist Resource(s)
  -------------------------------------------------------------------    -------------------
                         (clock sys_clk_pin rise edge)
                                                      0.000     0.000 r  
    K17                                               0.000     0.000 r  sys_clk (IN)
                         net (fo=0)                   0.000     0.000    sys_clk
    K17                  IBUF (Prop_ibuf_I_O)         1.492     1.492 r  sys_clk_IBUF_inst/O
                         net (fo=1, routed)           2.076     3.568    sys_clk_IBUF
    BUFGCTRL_X0Y16       BUFG (Prop_bufg_I_O)         0.101     3.669 r  sys_clk_IBUF_BUFG_inst/O
                         net (fo=27, routed)          1.758     5.427    sys_clk_IBUF_BUFG
    SLICE_X43Y48         FDRE                                         r  count_reg[2]/C
  -------------------------------------------------------------------    -------------------
    SLICE_X43Y48         FDRE (Prop_fdre_C_Q)         0.456     5.883 r  count_reg[2]/Q
                         net (fo=2, routed)           0.862     6.745    count_reg[2]
    SLICE_X42Y48         LUT6 (Prop_lut6_I2_O)        0.124     6.869 r  count[0]_i_8/O
                         net (fo=1, routed)           0.420     7.289    count[0]_i_8_n_0
    SLICE_X42Y50         LUT6 (Prop_lut6_I2_O)        0.124     7.413 r  count[0]_i_7/O
                         net (fo=1, routed)           0.417     7.830    count[0]_i_7_n_0
    SLICE_X42Y51         LUT6 (Prop_lut6_I2_O)        0.124     7.954 r  count[0]_i_6/O
                         net (fo=1, routed)           0.417     8.372    count[0]_i_6_n_0
    SLICE_X42Y52         LUT6 (Prop_lut6_I2_O)        0.124     8.496 r  count[0]_i_5/O
                         net (fo=1, routed)           0.417     8.913    count[0]_i_5_n_0
    SLICE_X42Y53         LUT6 (Prop_lut6_I2_O)        0.124     9.037 r  count[0]_i_3/O
                         net (fo=2, routed)           0.438     9.475    count[0]_i_3_n_0
    SLICE_X42Y54         LUT3 (Prop_lut3_I1_O)        0.124     9.599 r  count[0]_i_1/O
                         net (fo=26, routed)          0.849    10.448    count[0]_i_1_n_0
    SLICE_X43Y48         FDRE                                         r  count_reg[2]/R
  -------------------------------------------------------------------    -------------------

                         (clock sys_clk_pin rise edge)
                                                      8.000     8.000 r  
    K17                                               0.000     8.000 r  sys_clk (IN)
                         net (fo=0)                   0.000     8.000    sys_clk
    K17                  IBUF (Prop_ibuf_I_O)         1.421     9.421 r  sys_clk_IBUF_inst/O
                         net (fo=1, routed)           1.880    11.301    sys_clk_IBUF
    BUFGCTRL_X0Y16       BUFG (Prop_bufg_I_O)         0.091    11.392 r  sys_clk_IBUF_BUFG_inst/O
                         net (fo=27, routed)          1.580    12.972    sys_clk_IBUF_BUFG
    SLICE_X43Y48         FDRE                                         r  count_reg[2]/C
                         clock pessimism              0.454    13.427    
                         clock uncertainty           -0.035    13.391    
    SLICE_X43Y48         FDRE (Setup_fdre_C_R)       -0.429    12.962    count_reg[2]
  -------------------------------------------------------------------
                         required time                         12.962    
                         arrival time                         -10.448    
  -------------------------------------------------------------------
                         slack                                  2.515    

Slack (MET) :             2.515ns  (required time - arrival time)
  Source:                 count_reg[2]/C
                            (rising edge-triggered cell FDRE clocked by sys_clk_pin  {rise@0.000ns fall@4.000ns period=8.000ns})
  Destination:            count_reg[3]/R
                            (rising edge-triggered cell FDRE clocked by sys_clk_pin  {rise@0.000ns fall@4.000ns period=8.000ns})
  Path Group:             sys_clk_pin
  Path Type:              Setup (Max at Slow Process Corner)
  Requirement:            8.000ns  (sys_clk_pin rise@8.000ns - sys_clk_pin rise@0.000ns)
  Data Path Delay:        5.021ns  (logic 1.200ns (23.901%)  route 3.821ns (76.099%))
  Logic Levels:           6  (LUT3=1 LUT6=5)
  Clock Path Skew:        0.000ns (DCD - SCD + CPR)
    Destination Clock Delay (DCD):    4.973ns = ( 12.972 - 8.000 ) 
    Source Clock Delay      (SCD):    5.427ns
    Clock Pessimism Removal (CPR):    0.454ns
  Clock Uncertainty:      0.035ns  ((TSJ^2 + TIJ^2)^1/2 + DJ) / 2 + PE
    Total System Jitter     (TSJ):    0.071ns
    Total Input Jitter      (TIJ):    0.000ns
    Discrete Jitter          (DJ):    0.000ns
    Phase Error              (PE):    0.000ns

    Location             Delay type                Incr(ns)  Path(ns)    Netlist Resource(s)
  -------------------------------------------------------------------    -------------------
                         (clock sys_clk_pin rise edge)
                                                      0.000     0.000 r  
    K17                                               0.000     0.000 r  sys_clk (IN)
                         net (fo=0)                   0.000     0.000    sys_clk
    K17                  IBUF (Prop_ibuf_I_O)         1.492     1.492 r  sys_clk_IBUF_inst/O
                         net (fo=1, routed)           2.076     3.568    sys_clk_IBUF
    BUFGCTRL_X0Y16       BUFG (Prop_bufg_I_O)         0.101     3.669 r  sys_clk_IBUF_BUFG_inst/O
                         net (fo=27, routed)          1.758     5.427    sys_clk_IBUF_BUFG
    SLICE_X43Y48         FDRE                                         r  count_reg[2]/C
  -------------------------------------------------------------------    -------------------
    SLICE_X43Y48         FDRE (Prop_fdre_C_Q)         0.456     5.883 r  count_reg[2]/Q
                         net (fo=2, routed)           0.862     6.745    count_reg[2]
    SLICE_X42Y48         LUT6 (Prop_lut6_I2_O)        0.124     6.869 r  count[0]_i_8/O
                         net (fo=1, routed)           0.420     7.289    count[0]_i_8_n_0
    SLICE_X42Y50         LUT6 (Prop_lut6_I2_O)        0.124     7.413 r  count[0]_i_7/O
                         net (fo=1, routed)           0.417     7.830    count[0]_i_7_n_0
    SLICE_X42Y51         LUT6 (Prop_lut6_I2_O)        0.124     7.954 r  count[0]_i_6/O
                         net (fo=1, routed)           0.417     8.372    count[0]_i_6_n_0
    SLICE_X42Y52         LUT6 (Prop_lut6_I2_O)        0.124     8.496 r  count[0]_i_5/O
                         net (fo=1, routed)           0.417     8.913    count[0]_i_5_n_0
    SLICE_X42Y53         LUT6 (Prop_lut6_I2_O)        0.124     9.037 r  count[0]_i_3/O
                         net (fo=2, routed)           0.438     9.475    count[0]_i_3_n_0
    SLICE_X42Y54         LUT3 (Prop_lut3_I1_O)        0.124     9.599 r  count[0]_i_1/O
                         net (fo=26, routed)          0.849    10.448    count[0]_i_1_n_0
    SLICE_X43Y48         FDRE                                         r  count_reg[3]/R
  -------------------------------------------------------------------    -------------------

                         (clock sys_clk_pin rise edge)
                                                      8.000     8.000 r  
    K17                                               0.000     8.000 r  sys_clk (IN)
                         net (fo=0)                   0.000     8.000    sys_clk
    K17                  IBUF (Prop_ibuf_I_O)         1.421     9.421 r  sys_clk_IBUF_inst/O
                         net (fo=1, routed)           1.880    11.301    sys_clk_IBUF
    BUFGCTRL_X0Y16       BUFG (Prop_bufg_I_O)         0.091    11.392 r  sys_clk_IBUF_BUFG_inst/O
                         net (fo=27, routed)          1.580    12.972    sys_clk_IBUF_BUFG
    SLICE_X43Y48         FDRE                                         r  count_reg[3]/C
                         clock pessimism              0.454    13.427    
                         clock uncertainty           -0.035    13.391    
    SLICE_X43Y48         FDRE (Setup_fdre_C_R)       -0.429    12.962    count_reg[3]
  -------------------------------------------------------------------
                         required time                         12.962    
                         arrival time                         -10.448    
  -------------------------------------------------------------------
                         slack                                  2.515    





Min Delay Paths
--------------------------------------------------------------------------------------
Slack (MET) :             0.107ns  (arrival time - required time)
  Source:                 count_reg[7]/C
                            (rising edge-triggered cell FDRE clocked by sys_clk_pin  {rise@0.000ns fall@4.000ns period=8.000ns})
  Destination:            count_reg[8]/D
                            (rising edge-triggered cell FDRE clocked by sys_clk_pin  {rise@0.000ns fall@4.000ns period=8.000ns})
  Path Group:             sys_clk_pin
  Path Type:              Hold (Min at Fast Process Corner)
  Requirement:            0.000ns  (sys_clk_pin rise@0.000ns - sys_clk_pin rise@0.000ns)
  Data Path Delay:        0.476ns  (logic 0.355ns (74.570%)  route 0.121ns (25.430%))
  Logic Levels:           2  (CARRY4=2)
  Clock Path Skew:        0.264ns (DCD - SCD - CPR)
    Destination Clock Delay (DCD):    2.018ns
    Source Clock Delay      (SCD):    1.507ns
    Clock Pessimism Removal (CPR):    0.247ns

    Location             Delay type                Incr(ns)  Path(ns)    Netlist Resource(s)
  -------------------------------------------------------------------    -------------------
                         (clock sys_clk_pin rise edge)
                                                      0.000     0.000 r  
    K17                                               0.000     0.000 r  sys_clk (IN)
                         net (fo=0)                   0.000     0.000    sys_clk
    K17                  IBUF (Prop_ibuf_I_O)         0.259     0.259 r  sys_clk_IBUF_inst/O
                         net (fo=1, routed)           0.627     0.887    sys_clk_IBUF
    BUFGCTRL_X0Y16       BUFG (Prop_bufg_I_O)         0.026     0.913 r  sys_clk_IBUF_BUFG_inst/O
                         net (fo=27, routed)          0.595     1.507    sys_clk_IBUF_BUFG
    SLICE_X43Y49         FDRE                                         r  count_reg[7]/C
  -------------------------------------------------------------------    -------------------
    SLICE_X43Y49         FDRE (Prop_fdre_C_Q)         0.141     1.648 r  count_reg[7]/Q
                         net (fo=2, routed)           0.120     1.769    count_reg[7]
    SLICE_X43Y49         CARRY4 (Prop_carry4_S[3]_CO[3])
                                                      0.160     1.929 r  count_reg[4]_i_1/CO[3]
                         net (fo=1, routed)           0.001     1.929    count_reg[4]_i_1_n_0
    SLICE_X43Y50         CARRY4 (Prop_carry4_CI_O[0])
                                                      0.054     1.983 r  count_reg[8]_i_1/O[0]
                         net (fo=1, routed)           0.000     1.983    count_reg[8]_i_1_n_7
    SLICE_X43Y50         FDRE                                         r  count_reg[8]/D
  -------------------------------------------------------------------    -------------------

                         (clock sys_clk_pin rise edge)
                                                      0.000     0.000 r  
    K17                                               0.000     0.000 r  sys_clk (IN)
                         net (fo=0)                   0.000     0.000    sys_clk
    K17                  IBUF (Prop_ibuf_I_O)         0.447     0.447 r  sys_clk_IBUF_inst/O
                         net (fo=1, routed)           0.683     1.130    sys_clk_IBUF
    BUFGCTRL_X0Y16       BUFG (Prop_bufg_I_O)         0.029     1.159 r  sys_clk_IBUF_BUFG_inst/O
                         net (fo=27, routed)          0.859     2.018    sys_clk_IBUF_BUFG
    SLICE_X43Y50         FDRE                                         r  count_reg[8]/C
                         clock pessimism             -0.247     1.772    
    SLICE_X43Y50         FDRE (Hold_fdre_C_D)         0.105     1.877    count_reg[8]
  -------------------------------------------------------------------
                         required time                         -1.877    
                         arrival time                           1.983    
  -------------------------------------------------------------------
                         slack                                  0.107    

Slack (MET) :             0.118ns  (arrival time - required time)
  Source:                 count_reg[7]/C
                            (rising edge-triggered cell FDRE clocked by sys_clk_pin  {rise@0.000ns fall@4.000ns period=8.000ns})
  Destination:            count_reg[10]/D
                            (rising edge-triggered cell FDRE clocked by sys_clk_pin  {rise@0.000ns fall@4.000ns period=8.000ns})
  Path Group:             sys_clk_pin
  Path Type:              Hold (Min at Fast Process Corner)
  Requirement:            0.000ns  (sys_clk_pin rise@0.000ns - sys_clk_pin rise@0.000ns)
  Data Path Delay:        0.487ns  (logic 0.366ns (75.144%)  route 0.121ns (24.856%))
  Logic Levels:           2  (CARRY4=2)
  Clock Path Skew:        0.264ns (DCD - SCD - CPR)
    Destination Clock Delay (DCD):    2.018ns
    Source Clock Delay      (SCD):    1.507ns
    Clock Pessimism Removal (CPR):    0.247ns

    Location             Delay type                Incr(ns)  Path(ns)    Netlist Resource(s)
  -------------------------------------------------------------------    -------------------
                         (clock sys_clk_pin rise edge)
                                                      0.000     0.000 r  
    K17                                               0.000     0.000 r  sys_clk (IN)
                         net (fo=0)                   0.000     0.000    sys_clk
    K17                  IBUF (Prop_ibuf_I_O)         0.259     0.259 r  sys_clk_IBUF_inst/O
                         net (fo=1, routed)           0.627     0.887    sys_clk_IBUF
    BUFGCTRL_X0Y16       BUFG (Prop_bufg_I_O)         0.026     0.913 r  sys_clk_IBUF_BUFG_inst/O
                         net (fo=27, routed)          0.595     1.507    sys_clk_IBUF_BUFG
    SLICE_X43Y49         FDRE                                         r  count_reg[7]/C
  -------------------------------------------------------------------    -------------------
    SLICE_X43Y49         FDRE (Prop_fdre_C_Q)         0.141     1.648 r  count_reg[7]/Q
                         net (fo=2, routed)           0.120     1.769    count_reg[7]
    SLICE_X43Y49         CARRY4 (Prop_carry4_S[3]_CO[3])
                                                      0.160     1.929 r  count_reg[4]_i_1/CO[3]
                         net (fo=1, routed)           0.001     1.929    count_reg[4]_i_1_n_0
    SLICE_X43Y50         CARRY4 (Prop_carry4_CI_O[2])
                                                      0.065     1.994 r  count_reg[8]_i_1/O[2]
                         net (fo=1, routed)           0.000     1.994    count_reg[8]_i_1_n_5
    SLICE_X43Y50         FDRE                                         r  count_reg[10]/D
  -------------------------------------------------------------------    -------------------

                         (clock sys_clk_pin rise edge)
                                                      0.000     0.000 r  
    K17                                               0.000     0.000 r  sys_clk (IN)
                         net (fo=0)                   0.000     0.000    sys_clk
    K17                  IBUF (Prop_ibuf_I_O)         0.447     0.447 r  sys_clk_IBUF_inst/O
                         net (fo=1, routed)           0.683     1.130    sys_clk_IBUF
    BUFGCTRL_X0Y16       BUFG (Prop_bufg_I_O)         0.029     1.159 r  sys_clk_IBUF_BUFG_inst/O
                         net (fo=27, routed)          0.859     2.018    sys_clk_IBUF_BUFG
    SLICE_X43Y50         FDRE                                         r  count_reg[10]/C
                         clock pessimism             -0.247     1.772    
    SLICE_X43Y50         FDRE (Hold_fdre_C_D)         0.105     1.877    count_reg[10]
  -------------------------------------------------------------------
                         required time                         -1.877    
                         arrival time                           1.994    
  -------------------------------------------------------------------
                         slack                                  0.118    

Slack (MET) :             0.143ns  (arrival time - required time)
  Source:                 count_reg[7]/C
                            (rising edge-triggered cell FDRE clocked by sys_clk_pin  {rise@0.000ns fall@4.000ns period=8.000ns})
  Destination:            count_reg[11]/D
                            (rising edge-triggered cell FDRE clocked by sys_clk_pin  {rise@0.000ns fall@4.000ns period=8.000ns})
  Path Group:             sys_clk_pin
  Path Type:              Hold (Min at Fast Process Corner)
  Requirement:            0.000ns  (sys_clk_pin rise@0.000ns - sys_clk_pin rise@0.000ns)
  Data Path Delay:        0.512ns  (logic 0.391ns (76.358%)  route 0.121ns (23.642%))
  Logic Levels:           2  (CARRY4=2)
  Clock Path Skew:        0.264ns (DCD - SCD - CPR)
    Destination Clock Delay (DCD):    2.018ns
    Source Clock Delay      (SCD):    1.507ns
    Clock Pessimism Removal (CPR):    0.247ns

    Location             Delay type                Incr(ns)  Path(ns)    Netlist Resource(s)
  -------------------------------------------------------------------    -------------------
                         (clock sys_clk_pin rise edge)
                                                      0.000     0.000 r  
    K17                                               0.000     0.000 r  sys_clk (IN)
                         net (fo=0)                   0.000     0.000    sys_clk
    K17                  IBUF (Prop_ibuf_I_O)         0.259     0.259 r  sys_clk_IBUF_inst/O
                         net (fo=1, routed)           0.627     0.887    sys_clk_IBUF
    BUFGCTRL_X0Y16       BUFG (Prop_bufg_I_O)         0.026     0.913 r  sys_clk_IBUF_BUFG_inst/O
                         net (fo=27, routed)          0.595     1.507    sys_clk_IBUF_BUFG
    SLICE_X43Y49         FDRE                                         r  count_reg[7]/C
  -------------------------------------------------------------------    -------------------
    SLICE_X43Y49         FDRE (Prop_fdre_C_Q)         0.141     1.648 r  count_reg[7]/Q
                         net (fo=2, routed)           0.120     1.769    count_reg[7]
    SLICE_X43Y49         CARRY4 (Prop_carry4_S[3]_CO[3])
                                                      0.160     1.929 r  count_reg[4]_i_1/CO[3]
                         net (fo=1, routed)           0.001     1.929    count_reg[4]_i_1_n_0
    SLICE_X43Y50         CARRY4 (Prop_carry4_CI_O[3])
                                                      0.090     2.019 r  count_reg[8]_i_1/O[3]
                         net (fo=1, routed)           0.000     2.019    count_reg[8]_i_1_n_4
    SLICE_X43Y50         FDRE                                         r  count_reg[11]/D
  -------------------------------------------------------------------    -------------------

                         (clock sys_clk_pin rise edge)
                                                      0.000     0.000 r  
    K17                                               0.000     0.000 r  sys_clk (IN)
                         net (fo=0)                   0.000     0.000    sys_clk
    K17                  IBUF (Prop_ibuf_I_O)         0.447     0.447 r  sys_clk_IBUF_inst/O
                         net (fo=1, routed)           0.683     1.130    sys_clk_IBUF
    BUFGCTRL_X0Y16       BUFG (Prop_bufg_I_O)         0.029     1.159 r  sys_clk_IBUF_BUFG_inst/O
                         net (fo=27, routed)          0.859     2.018    sys_clk_IBUF_BUFG
    SLICE_X43Y50         FDRE                                         r  count_reg[11]/C
                         clock pessimism             -0.247     1.772    
    SLICE_X43Y50         FDRE (Hold_fdre_C_D)         0.105     1.877    count_reg[11]
  -------------------------------------------------------------------
                         required time                         -1.877    
                         arrival time                           2.019    
  -------------------------------------------------------------------
                         slack                                  0.143    

Slack (MET) :             0.143ns  (arrival time - required time)
  Source:                 count_reg[7]/C
                            (rising edge-triggered cell FDRE clocked by sys_clk_pin  {rise@0.000ns fall@4.000ns period=8.000ns})
  Destination:            count_reg[9]/D
                            (rising edge-triggered cell FDRE clocked by sys_clk_pin  {rise@0.000ns fall@4.000ns period=8.000ns})
  Path Group:             sys_clk_pin
  Path Type:              Hold (Min at Fast Process Corner)
  Requirement:            0.000ns  (sys_clk_pin rise@0.000ns - sys_clk_pin rise@0.000ns)
  Data Path Delay:        0.512ns  (logic 0.391ns (76.358%)  route 0.121ns (23.642%))
  Logic Levels:           2  (CARRY4=2)
  Clock Path Skew:        0.264ns (DCD - SCD - CPR)
    Destination Clock Delay (DCD):    2.018ns
    Source Clock Delay      (SCD):    1.507ns
    Clock Pessimism Removal (CPR):    0.247ns

    Location             Delay type                Incr(ns)  Path(ns)    Netlist Resource(s)
  -------------------------------------------------------------------    -------------------
                         (clock sys_clk_pin rise edge)
                                                      0.000     0.000 r  
    K17                                               0.000     0.000 r  sys_clk (IN)
                         net (fo=0)                   0.000     0.000    sys_clk
    K17                  IBUF (Prop_ibuf_I_O)         0.259     0.259 r  sys_clk_IBUF_inst/O
                         net (fo=1, routed)           0.627     0.887    sys_clk_IBUF
    BUFGCTRL_X0Y16       BUFG (Prop_bufg_I_O)         0.026     0.913 r  sys_clk_IBUF_BUFG_inst/O
                         net (fo=27, routed)          0.595     1.507    sys_clk_IBUF_BUFG
    SLICE_X43Y49         FDRE                                         r  count_reg[7]/C
  -------------------------------------------------------------------    -------------------
    SLICE_X43Y49         FDRE (Prop_fdre_C_Q)         0.141     1.648 r  count_reg[7]/Q
                         net (fo=2, routed)           0.120     1.769    count_reg[7]
    SLICE_X43Y49         CARRY4 (Prop_carry4_S[3]_CO[3])
                                                      0.160     1.929 r  count_reg[4]_i_1/CO[3]
                         net (fo=1, routed)           0.001     1.929    count_reg[4]_i_1_n_0
    SLICE_X43Y50         CARRY4 (Prop_carry4_CI_O[1])
                                                      0.090     2.019 r  count_reg[8]_i_1/O[1]
                         net (fo=1, routed)           0.000     2.019    count_reg[8]_i_1_n_6
    SLICE_X43Y50         FDRE                                         r  count_reg[9]/D
  -------------------------------------------------------------------    -------------------

                         (clock sys_clk_pin rise edge)
                                                      0.000     0.000 r  
    K17                                               0.000     0.000 r  sys_clk (IN)
                         net (fo=0)                   0.000     0.000    sys_clk
    K17                  IBUF (Prop_ibuf_I_O)         0.447     0.447 r  sys_clk_IBUF_inst/O
                         net (fo=1, routed)           0.683     1.130    sys_clk_IBUF
    BUFGCTRL_X0Y16       BUFG (Prop_bufg_I_O)         0.029     1.159 r  sys_clk_IBUF_BUFG_inst/O
                         net (fo=27, routed)          0.859     2.018    sys_clk_IBUF_BUFG
    SLICE_X43Y50         FDRE                                         r  count_reg[9]/C
                         clock pessimism             -0.247     1.772    
    SLICE_X43Y50         FDRE (Hold_fdre_C_D)         0.105     1.877    count_reg[9]
  -------------------------------------------------------------------
                         required time                         -1.877    
                         arrival time                           2.019    
  -------------------------------------------------------------------
                         slack                                  0.143    

Slack (MET) :             0.146ns  (arrival time - required time)
  Source:                 count_reg[7]/C
                            (rising edge-triggered cell FDRE clocked by sys_clk_pin  {rise@0.000ns fall@4.000ns period=8.000ns})
  Destination:            count_reg[12]/D
                            (rising edge-triggered cell FDRE clocked by sys_clk_pin  {rise@0.000ns fall@4.000ns period=8.000ns})
  Path Group:             sys_clk_pin
  Path Type:              Hold (Min at Fast Process Corner)
  Requirement:            0.000ns  (sys_clk_pin rise@0.000ns - sys_clk_pin rise@0.000ns)
  Data Path Delay:        0.515ns  (logic 0.394ns (76.495%)  route 0.121ns (23.505%))
  Logic Levels:           3  (CARRY4=3)
  Clock Path Skew:        0.264ns (DCD - SCD - CPR)
    Destination Clock Delay (DCD):    2.018ns
    Source Clock Delay      (SCD):    1.507ns
    Clock Pessimism Removal (CPR):    0.247ns

    Location             Delay type                Incr(ns)  Path(ns)    Netlist Resource(s)
  -------------------------------------------------------------------    -------------------
                         (clock sys_clk_pin rise edge)
                                                      0.000     0.000 r  
    K17                                               0.000     0.000 r  sys_clk (IN)
                         net (fo=0)                   0.000     0.000    sys_clk
    K17                  IBUF (Prop_ibuf_I_O)         0.259     0.259 r  sys_clk_IBUF_inst/O
                         net (fo=1, routed)           0.627     0.887    sys_clk_IBUF
    BUFGCTRL_X0Y16       BUFG (Prop_bufg_I_O)         0.026     0.913 r  sys_clk_IBUF_BUFG_inst/O
                         net (fo=27, routed)          0.595     1.507    sys_clk_IBUF_BUFG
    SLICE_X43Y49         FDRE                                         r  count_reg[7]/C
  -------------------------------------------------------------------    -------------------
    SLICE_X43Y49         FDRE (Prop_fdre_C_Q)         0.141     1.648 r  count_reg[7]/Q
                         net (fo=2, routed)           0.120     1.769    count_reg[7]
    SLICE_X43Y49         CARRY4 (Prop_carry4_S[3]_CO[3])
                                                      0.160     1.929 r  count_reg[4]_i_1/CO[3]
                         net (fo=1, routed)           0.001     1.929    count_reg[4]_i_1_n_0
    SLICE_X43Y50         CARRY4 (Prop_carry4_CI_CO[3])
                                                      0.039     1.968 r  count_reg[8]_i_1/CO[3]
                         net (fo=1, routed)           0.000     1.968    count_reg[8]_i_1_n_0
    SLICE_X43Y51         CARRY4 (Prop_carry4_CI_O[0])
                                                      0.054     2.022 r  count_reg[12]_i_1/O[0]
                         net (fo=1, routed)           0.000     2.022    count_reg[12]_i_1_n_7
    SLICE_X43Y51         FDRE                                         r  count_reg[12]/D
  -------------------------------------------------------------------    -------------------

                         (clock sys_clk_pin rise edge)
                                                      0.000     0.000 r  
    K17                                               0.000     0.000 r  sys_clk (IN)
                         net (fo=0)                   0.000     0.000    sys_clk
    K17                  IBUF (Prop_ibuf_I_O)         0.447     0.447 r  sys_clk_IBUF_inst/O
                         net (fo=1, routed)           0.683     1.130    sys_clk_IBUF
    BUFGCTRL_X0Y16       BUFG (Prop_bufg_I_O)         0.029     1.159 r  sys_clk_IBUF_BUFG_inst/O
                         net (fo=27, routed)          0.859     2.018    sys_clk_IBUF_BUFG
    SLICE_X43Y51         FDRE                                         r  count_reg[12]/C
                         clock pessimism             -0.247     1.772    
    SLICE_X43Y51         FDRE (Hold_fdre_C_D)         0.105     1.877    count_reg[12]
  -------------------------------------------------------------------
                         required time                         -1.877    
                         arrival time                           2.022    
  -------------------------------------------------------------------
                         slack                                  0.146    

Slack (MET) :             0.157ns  (arrival time - required time)
  Source:                 count_reg[7]/C
                            (rising edge-triggered cell FDRE clocked by sys_clk_pin  {rise@0.000ns fall@4.000ns period=8.000ns})
  Destination:            count_reg[14]/D
                            (rising edge-triggered cell FDRE clocked by sys_clk_pin  {rise@0.000ns fall@4.000ns period=8.000ns})
  Path Group:             sys_clk_pin
  Path Type:              Hold (Min at Fast Process Corner)
  Requirement:            0.000ns  (sys_clk_pin rise@0.000ns - sys_clk_pin rise@0.000ns)
  Data Path Delay:        0.526ns  (logic 0.405ns (76.987%)  route 0.121ns (23.013%))
  Logic Levels:           3  (CARRY4=3)
  Clock Path Skew:        0.264ns (DCD - SCD - CPR)
    Destination Clock Delay (DCD):    2.018ns
    Source Clock Delay      (SCD):    1.507ns
    Clock Pessimism Removal (CPR):    0.247ns

    Location             Delay type                Incr(ns)  Path(ns)    Netlist Resource(s)
  -------------------------------------------------------------------    -------------------
                         (clock sys_clk_pin rise edge)
                                                      0.000     0.000 r  
    K17                                               0.000     0.000 r  sys_clk (IN)
                         net (fo=0)                   0.000     0.000    sys_clk
    K17                  IBUF (Prop_ibuf_I_O)         0.259     0.259 r  sys_clk_IBUF_inst/O
                         net (fo=1, routed)           0.627     0.887    sys_clk_IBUF
    BUFGCTRL_X0Y16       BUFG (Prop_bufg_I_O)         0.026     0.913 r  sys_clk_IBUF_BUFG_inst/O
                         net (fo=27, routed)          0.595     1.507    sys_clk_IBUF_BUFG
    SLICE_X43Y49         FDRE                                         r  count_reg[7]/C
  -------------------------------------------------------------------    -------------------
    SLICE_X43Y49         FDRE (Prop_fdre_C_Q)         0.141     1.648 r  count_reg[7]/Q
                         net (fo=2, routed)           0.120     1.769    count_reg[7]
    SLICE_X43Y49         CARRY4 (Prop_carry4_S[3]_CO[3])
                                                      0.160     1.929 r  count_reg[4]_i_1/CO[3]
                         net (fo=1, routed)           0.001     1.929    count_reg[4]_i_1_n_0
    SLICE_X43Y50         CARRY4 (Prop_carry4_CI_CO[3])
                                                      0.039     1.968 r  count_reg[8]_i_1/CO[3]
                         net (fo=1, routed)           0.000     1.968    count_reg[8]_i_1_n_0
    SLICE_X43Y51         CARRY4 (Prop_carry4_CI_O[2])
                                                      0.065     2.033 r  count_reg[12]_i_1/O[2]
                         net (fo=1, routed)           0.000     2.033    count_reg[12]_i_1_n_5
    SLICE_X43Y51         FDRE                                         r  count_reg[14]/D
  -------------------------------------------------------------------    -------------------

                         (clock sys_clk_pin rise edge)
                                                      0.000     0.000 r  
    K17                                               0.000     0.000 r  sys_clk (IN)
                         net (fo=0)                   0.000     0.000    sys_clk
    K17                  IBUF (Prop_ibuf_I_O)         0.447     0.447 r  sys_clk_IBUF_inst/O
                         net (fo=1, routed)           0.683     1.130    sys_clk_IBUF
    BUFGCTRL_X0Y16       BUFG (Prop_bufg_I_O)         0.029     1.159 r  sys_clk_IBUF_BUFG_inst/O
                         net (fo=27, routed)          0.859     2.018    sys_clk_IBUF_BUFG
    SLICE_X43Y51         FDRE                                         r  count_reg[14]/C
                         clock pessimism             -0.247     1.772    
    SLICE_X43Y51         FDRE (Hold_fdre_C_D)         0.105     1.877    count_reg[14]
  -------------------------------------------------------------------
                         required time                         -1.877    
                         arrival time                           2.033    
  -------------------------------------------------------------------
                         slack                                  0.157    

Slack (MET) :             0.182ns  (arrival time - required time)
  Source:                 count_reg[7]/C
                            (rising edge-triggered cell FDRE clocked by sys_clk_pin  {rise@0.000ns fall@4.000ns period=8.000ns})
  Destination:            count_reg[13]/D
                            (rising edge-triggered cell FDRE clocked by sys_clk_pin  {rise@0.000ns fall@4.000ns period=8.000ns})
  Path Group:             sys_clk_pin
  Path Type:              Hold (Min at Fast Process Corner)
  Requirement:            0.000ns  (sys_clk_pin rise@0.000ns - sys_clk_pin rise@0.000ns)
  Data Path Delay:        0.551ns  (logic 0.430ns (78.031%)  route 0.121ns (21.969%))
  Logic Levels:           3  (CARRY4=3)
  Clock Path Skew:        0.264ns (DCD - SCD - CPR)
    Destination Clock Delay (DCD):    2.018ns
    Source Clock Delay      (SCD):    1.507ns
    Clock Pessimism Removal (CPR):    0.247ns

    Location             Delay type                Incr(ns)  Path(ns)    Netlist Resource(s)
  -------------------------------------------------------------------    -------------------
                         (clock sys_clk_pin rise edge)
                                                      0.000     0.000 r  
    K17                                               0.000     0.000 r  sys_clk (IN)
                         net (fo=0)                   0.000     0.000    sys_clk
    K17                  IBUF (Prop_ibuf_I_O)         0.259     0.259 r  sys_clk_IBUF_inst/O
                         net (fo=1, routed)           0.627     0.887    sys_clk_IBUF
    BUFGCTRL_X0Y16       BUFG (Prop_bufg_I_O)         0.026     0.913 r  sys_clk_IBUF_BUFG_inst/O
                         net (fo=27, routed)          0.595     1.507    sys_clk_IBUF_BUFG
    SLICE_X43Y49         FDRE                                         r  count_reg[7]/C
  -------------------------------------------------------------------    -------------------
    SLICE_X43Y49         FDRE (Prop_fdre_C_Q)         0.141     1.648 r  count_reg[7]/Q
                         net (fo=2, routed)           0.120     1.769    count_reg[7]
    SLICE_X43Y49         CARRY4 (Prop_carry4_S[3]_CO[3])
                                                      0.160     1.929 r  count_reg[4]_i_1/CO[3]
                         net (fo=1, routed)           0.001     1.929    count_reg[4]_i_1_n_0
    SLICE_X43Y50         CARRY4 (Prop_carry4_CI_CO[3])
                                                      0.039     1.968 r  count_reg[8]_i_1/CO[3]
                         net (fo=1, routed)           0.000     1.968    count_reg[8]_i_1_n_0
    SLICE_X43Y51         CARRY4 (Prop_carry4_CI_O[1])
                                                      0.090     2.058 r  count_reg[12]_i_1/O[1]
                         net (fo=1, routed)           0.000     2.058    count_reg[12]_i_1_n_6
    SLICE_X43Y51         FDRE                                         r  count_reg[13]/D
  -------------------------------------------------------------------    -------------------

                         (clock sys_clk_pin rise edge)
                                                      0.000     0.000 r  
    K17                                               0.000     0.000 r  sys_clk (IN)
                         net (fo=0)                   0.000     0.000    sys_clk
    K17                  IBUF (Prop_ibuf_I_O)         0.447     0.447 r  sys_clk_IBUF_inst/O
                         net (fo=1, routed)           0.683     1.130    sys_clk_IBUF
    BUFGCTRL_X0Y16       BUFG (Prop_bufg_I_O)         0.029     1.159 r  sys_clk_IBUF_BUFG_inst/O
                         net (fo=27, routed)          0.859     2.018    sys_clk_IBUF_BUFG
    SLICE_X43Y51         FDRE                                         r  count_reg[13]/C
                         clock pessimism             -0.247     1.772    
    SLICE_X43Y51         FDRE (Hold_fdre_C_D)         0.105     1.877    count_reg[13]
  -------------------------------------------------------------------
                         required time                         -1.877    
                         arrival time                           2.058    
  -------------------------------------------------------------------
                         slack                                  0.182    

Slack (MET) :             0.182ns  (arrival time - required time)
  Source:                 count_reg[7]/C
                            (rising edge-triggered cell FDRE clocked by sys_clk_pin  {rise@0.000ns fall@4.000ns period=8.000ns})
  Destination:            count_reg[15]/D
                            (rising edge-triggered cell FDRE clocked by sys_clk_pin  {rise@0.000ns fall@4.000ns period=8.000ns})
  Path Group:             sys_clk_pin
  Path Type:              Hold (Min at Fast Process Corner)
  Requirement:            0.000ns  (sys_clk_pin rise@0.000ns - sys_clk_pin rise@0.000ns)
  Data Path Delay:        0.551ns  (logic 0.430ns (78.031%)  route 0.121ns (21.969%))
  Logic Levels:           3  (CARRY4=3)
  Clock Path Skew:        0.264ns (DCD - SCD - CPR)
    Destination Clock Delay (DCD):    2.018ns
    Source Clock Delay      (SCD):    1.507ns
    Clock Pessimism Removal (CPR):    0.247ns

    Location             Delay type                Incr(ns)  Path(ns)    Netlist Resource(s)
  -------------------------------------------------------------------    -------------------
                         (clock sys_clk_pin rise edge)
                                                      0.000     0.000 r  
    K17                                               0.000     0.000 r  sys_clk (IN)
                         net (fo=0)                   0.000     0.000    sys_clk
    K17                  IBUF (Prop_ibuf_I_O)         0.259     0.259 r  sys_clk_IBUF_inst/O
                         net (fo=1, routed)           0.627     0.887    sys_clk_IBUF
    BUFGCTRL_X0Y16       BUFG (Prop_bufg_I_O)         0.026     0.913 r  sys_clk_IBUF_BUFG_inst/O
                         net (fo=27, routed)          0.595     1.507    sys_clk_IBUF_BUFG
    SLICE_X43Y49         FDRE                                         r  count_reg[7]/C
  -------------------------------------------------------------------    -------------------
    SLICE_X43Y49         FDRE (Prop_fdre_C_Q)         0.141     1.648 r  count_reg[7]/Q
                         net (fo=2, routed)           0.120     1.769    count_reg[7]
    SLICE_X43Y49         CARRY4 (Prop_carry4_S[3]_CO[3])
                                                      0.160     1.929 r  count_reg[4]_i_1/CO[3]
                         net (fo=1, routed)           0.001     1.929    count_reg[4]_i_1_n_0
    SLICE_X43Y50         CARRY4 (Prop_carry4_CI_CO[3])
                                                      0.039     1.968 r  count_reg[8]_i_1/CO[3]
                         net (fo=1, routed)           0.000     1.968    count_reg[8]_i_1_n_0
    SLICE_X43Y51         CARRY4 (Prop_carry4_CI_O[3])
                                                      0.090     2.058 r  count_reg[12]_i_1/O[3]
                         net (fo=1, routed)           0.000     2.058    count_reg[12]_i_1_n_4
    SLICE_X43Y51         FDRE                                         r  count_reg[15]/D
  -------------------------------------------------------------------    -------------------

                         (clock sys_clk_pin rise edge)
                                                      0.000     0.000 r  
    K17                                               0.000     0.000 r  sys_clk (IN)
                         net (fo=0)                   0.000     0.000    sys_clk
    K17                  IBUF (Prop_ibuf_I_O)         0.447     0.447 r  sys_clk_IBUF_inst/O
                         net (fo=1, routed)           0.683     1.130    sys_clk_IBUF
    BUFGCTRL_X0Y16       BUFG (Prop_bufg_I_O)         0.029     1.159 r  sys_clk_IBUF_BUFG_inst/O
                         net (fo=27, routed)          0.859     2.018    sys_clk_IBUF_BUFG
    SLICE_X43Y51         FDRE                                         r  count_reg[15]/C
                         clock pessimism             -0.247     1.772    
    SLICE_X43Y51         FDRE (Hold_fdre_C_D)         0.105     1.877    count_reg[15]
  -------------------------------------------------------------------
                         required time                         -1.877    
                         arrival time                           2.058    
  -------------------------------------------------------------------
                         slack                                  0.182    

Slack (MET) :             0.185ns  (arrival time - required time)
  Source:                 count_reg[7]/C
                            (rising edge-triggered cell FDRE clocked by sys_clk_pin  {rise@0.000ns fall@4.000ns period=8.000ns})
  Destination:            count_reg[16]/D
                            (rising edge-triggered cell FDRE clocked by sys_clk_pin  {rise@0.000ns fall@4.000ns period=8.000ns})
  Path Group:             sys_clk_pin
  Path Type:              Hold (Min at Fast Process Corner)
  Requirement:            0.000ns  (sys_clk_pin rise@0.000ns - sys_clk_pin rise@0.000ns)
  Data Path Delay:        0.554ns  (logic 0.433ns (78.150%)  route 0.121ns (21.850%))
  Logic Levels:           4  (CARRY4=4)
  Clock Path Skew:        0.264ns (DCD - SCD - CPR)
    Destination Clock Delay (DCD):    2.018ns
    Source Clock Delay      (SCD):    1.507ns
    Clock Pessimism Removal (CPR):    0.247ns

    Location             Delay type                Incr(ns)  Path(ns)    Netlist Resource(s)
  -------------------------------------------------------------------    -------------------
                         (clock sys_clk_pin rise edge)
                                                      0.000     0.000 r  
    K17                                               0.000     0.000 r  sys_clk (IN)
                         net (fo=0)                   0.000     0.000    sys_clk
    K17                  IBUF (Prop_ibuf_I_O)         0.259     0.259 r  sys_clk_IBUF_inst/O
                         net (fo=1, routed)           0.627     0.887    sys_clk_IBUF
    BUFGCTRL_X0Y16       BUFG (Prop_bufg_I_O)         0.026     0.913 r  sys_clk_IBUF_BUFG_inst/O
                         net (fo=27, routed)          0.595     1.507    sys_clk_IBUF_BUFG
    SLICE_X43Y49         FDRE                                         r  count_reg[7]/C
  -------------------------------------------------------------------    -------------------
    SLICE_X43Y49         FDRE (Prop_fdre_C_Q)         0.141     1.648 r  count_reg[7]/Q
                         net (fo=2, routed)           0.120     1.769    count_reg[7]
    SLICE_X43Y49         CARRY4 (Prop_carry4_S[3]_CO[3])
                                                      0.160     1.929 r  count_reg[4]_i_1/CO[3]
                         net (fo=1, routed)           0.001     1.929    count_reg[4]_i_1_n_0
    SLICE_X43Y50         CARRY4 (Prop_carry4_CI_CO[3])
                                                      0.039     1.968 r  count_reg[8]_i_1/CO[3]
                         net (fo=1, routed)           0.000     1.968    count_reg[8]_i_1_n_0
    SLICE_X43Y51         CARRY4 (Prop_carry4_CI_CO[3])
                                                      0.039     2.007 r  count_reg[12]_i_1/CO[3]
                         net (fo=1, routed)           0.000     2.007    count_reg[12]_i_1_n_0
    SLICE_X43Y52         CARRY4 (Prop_carry4_CI_O[0])
                                                      0.054     2.061 r  count_reg[16]_i_1/O[0]
                         net (fo=1, routed)           0.000     2.061    count_reg[16]_i_1_n_7
    SLICE_X43Y52         FDRE                                         r  count_reg[16]/D
  -------------------------------------------------------------------    -------------------

                         (clock sys_clk_pin rise edge)
                                                      0.000     0.000 r  
    K17                                               0.000     0.000 r  sys_clk (IN)
                         net (fo=0)                   0.000     0.000    sys_clk
    K17                  IBUF (Prop_ibuf_I_O)         0.447     0.447 r  sys_clk_IBUF_inst/O
                         net (fo=1, routed)           0.683     1.130    sys_clk_IBUF
    BUFGCTRL_X0Y16       BUFG (Prop_bufg_I_O)         0.029     1.159 r  sys_clk_IBUF_BUFG_inst/O
                         net (fo=27, routed)          0.859     2.018    sys_clk_IBUF_BUFG
    SLICE_X43Y52         FDRE                                         r  count_reg[16]/C
                         clock pessimism             -0.247     1.772    
    SLICE_X43Y52         FDRE (Hold_fdre_C_D)         0.105     1.877    count_reg[16]
  -------------------------------------------------------------------
                         required time                         -1.877    
                         arrival time                           2.061    
  -------------------------------------------------------------------
                         slack                                  0.185    

Slack (MET) :             0.196ns  (arrival time - required time)
  Source:                 count_reg[7]/C
                            (rising edge-triggered cell FDRE clocked by sys_clk_pin  {rise@0.000ns fall@4.000ns period=8.000ns})
  Destination:            count_reg[18]/D
                            (rising edge-triggered cell FDRE clocked by sys_clk_pin  {rise@0.000ns fall@4.000ns period=8.000ns})
  Path Group:             sys_clk_pin
  Path Type:              Hold (Min at Fast Process Corner)
  Requirement:            0.000ns  (sys_clk_pin rise@0.000ns - sys_clk_pin rise@0.000ns)
  Data Path Delay:        0.565ns  (logic 0.444ns (78.575%)  route 0.121ns (21.425%))
  Logic Levels:           4  (CARRY4=4)
  Clock Path Skew:        0.264ns (DCD - SCD - CPR)
    Destination Clock Delay (DCD):    2.018ns
    Source Clock Delay      (SCD):    1.507ns
    Clock Pessimism Removal (CPR):    0.247ns

    Location             Delay type                Incr(ns)  Path(ns)    Netlist Resource(s)
  -------------------------------------------------------------------    -------------------
                         (clock sys_clk_pin rise edge)
                                                      0.000     0.000 r  
    K17                                               0.000     0.000 r  sys_clk (IN)
                         net (fo=0)                   0.000     0.000    sys_clk
    K17                  IBUF (Prop_ibuf_I_O)         0.259     0.259 r  sys_clk_IBUF_inst/O
                         net (fo=1, routed)           0.627     0.887    sys_clk_IBUF
    BUFGCTRL_X0Y16       BUFG (Prop_bufg_I_O)         0.026     0.913 r  sys_clk_IBUF_BUFG_inst/O
                         net (fo=27, routed)          0.595     1.507    sys_clk_IBUF_BUFG
    SLICE_X43Y49         FDRE                                         r  count_reg[7]/C
  -------------------------------------------------------------------    -------------------
    SLICE_X43Y49         FDRE (Prop_fdre_C_Q)         0.141     1.648 r  count_reg[7]/Q
                         net (fo=2, routed)           0.120     1.769    count_reg[7]
    SLICE_X43Y49         CARRY4 (Prop_carry4_S[3]_CO[3])
                                                      0.160     1.929 r  count_reg[4]_i_1/CO[3]
                         net (fo=1, routed)           0.001     1.929    count_reg[4]_i_1_n_0
    SLICE_X43Y50         CARRY4 (Prop_carry4_CI_CO[3])
                                                      0.039     1.968 r  count_reg[8]_i_1/CO[3]
                         net (fo=1, routed)           0.000     1.968    count_reg[8]_i_1_n_0
    SLICE_X43Y51         CARRY4 (Prop_carry4_CI_CO[3])
                                                      0.039     2.007 r  count_reg[12]_i_1/CO[3]
                         net (fo=1, routed)           0.000     2.007    count_reg[12]_i_1_n_0
    SLICE_X43Y52         CARRY4 (Prop_carry4_CI_O[2])
                                                      0.065     2.072 r  count_reg[16]_i_1/O[2]
                         net (fo=1, routed)           0.000     2.072    count_reg[16]_i_1_n_5
    SLICE_X43Y52         FDRE                                         r  count_reg[18]/D
  -------------------------------------------------------------------    -------------------

                         (clock sys_clk_pin rise edge)
                                                      0.000     0.000 r  
    K17                                               0.000     0.000 r  sys_clk (IN)
                         net (fo=0)                   0.000     0.000    sys_clk
    K17                  IBUF (Prop_ibuf_I_O)         0.447     0.447 r  sys_clk_IBUF_inst/O
                         net (fo=1, routed)           0.683     1.130    sys_clk_IBUF
    BUFGCTRL_X0Y16       BUFG (Prop_bufg_I_O)         0.029     1.159 r  sys_clk_IBUF_BUFG_inst/O
                         net (fo=27, routed)          0.859     2.018    sys_clk_IBUF_BUFG
    SLICE_X43Y52         FDRE                                         r  count_reg[18]/C
                         clock pessimism             -0.247     1.772    
    SLICE_X43Y52         FDRE (Hold_fdre_C_D)         0.105     1.877    count_reg[18]
  -------------------------------------------------------------------
                         required time                         -1.877    
                         arrival time                           2.072    
  -------------------------------------------------------------------
                         slack                                  0.196    





Pulse Width Checks
--------------------------------------------------------------------------------------
Clock Name:         sys_clk_pin
Waveform(ns):       { 0.000 4.000 }
Period(ns):         8.000
Sources:            { sys_clk }

Check Type        Corner  Lib Pin  Reference Pin  Required(ns)  Actual(ns)  Slack(ns)  Location        Pin
Min Period        n/a     BUFG/I   n/a            2.155         8.000       5.845      BUFGCTRL_X0Y16  sys_clk_IBUF_BUFG_inst/I
Min Period        n/a     FDRE/C   n/a            1.000         8.000       7.000      SLICE_X43Y48    count_reg[0]/C
Min Period        n/a     FDRE/C   n/a            1.000         8.000       7.000      SLICE_X43Y50    count_reg[10]/C
Min Period        n/a     FDRE/C   n/a            1.000         8.000       7.000      SLICE_X43Y50    count_reg[11]/C
Min Period        n/a     FDRE/C   n/a            1.000         8.000       7.000      SLICE_X43Y51    count_reg[12]/C
Min Period        n/a     FDRE/C   n/a            1.000         8.000       7.000      SLICE_X43Y51    count_reg[13]/C
Min Period        n/a     FDRE/C   n/a            1.000         8.000       7.000      SLICE_X43Y51    count_reg[14]/C
Min Period        n/a     FDRE/C   n/a            1.000         8.000       7.000      SLICE_X43Y51    count_reg[15]/C
Min Period        n/a     FDRE/C   n/a            1.000         8.000       7.000      SLICE_X43Y52    count_reg[16]/C
Min Period        n/a     FDRE/C   n/a            1.000         8.000       7.000      SLICE_X43Y52    count_reg[17]/C
Low Pulse Width   Slow    FDRE/C   n/a            0.500         4.000       3.500      SLICE_X43Y48    count_reg[0]/C
Low Pulse Width   Fast    FDRE/C   n/a            0.500         4.000       3.500      SLICE_X43Y48    count_reg[0]/C
Low Pulse Width   Slow    FDRE/C   n/a            0.500         4.000       3.500      SLICE_X43Y50    count_reg[10]/C
Low Pulse Width   Fast    FDRE/C   n/a            0.500         4.000       3.500      SLICE_X43Y50    count_reg[10]/C
Low Pulse Width   Slow    FDRE/C   n/a            0.500         4.000       3.500      SLICE_X43Y50    count_reg[11]/C
Low Pulse Width   Fast    FDRE/C   n/a            0.500         4.000       3.500      SLICE_X43Y50    count_reg[11]/C
Low Pulse Width   Slow    FDRE/C   n/a            0.500         4.000       3.500      SLICE_X43Y51    count_reg[12]/C
Low Pulse Width   Fast    FDRE/C   n/a            0.500         4.000       3.500      SLICE_X43Y51    count_reg[12]/C
Low Pulse Width   Slow    FDRE/C   n/a            0.500         4.000       3.500      SLICE_X43Y51    count_reg[13]/C
Low Pulse Width   Fast    FDRE/C   n/a            0.500         4.000       3.500      SLICE_X43Y51    count_reg[13]/C
High Pulse Width  Slow    FDRE/C   n/a            0.500         4.000       3.500      SLICE_X43Y48    count_reg[0]/C
High Pulse Width  Fast    FDRE/C   n/a            0.500         4.000       3.500      SLICE_X43Y48    count_reg[0]/C
High Pulse Width  Slow    FDRE/C   n/a            0.500         4.000       3.500      SLICE_X43Y50    count_reg[10]/C
High Pulse Width  Fast    FDRE/C   n/a            0.500         4.000       3.500      SLICE_X43Y50    count_reg[10]/C
High Pulse Width  Slow    FDRE/C   n/a            0.500         4.000       3.500      SLICE_X43Y50    count_reg[11]/C
High Pulse Width  Fast    FDRE/C   n/a            0.500         4.000       3.500      SLICE_X43Y50    count_reg[11]/C
High Pulse Width  Slow    FDRE/C   n/a            0.500         4.000       3.500      SLICE_X43Y51    count_reg[12]/C
High Pulse Width  Fast    FDRE/C   n/a            0.500         4.000       3.500      SLICE_X43Y51    count_reg[12]/C
High Pulse Width  Slow    FDRE/C   n/a            0.500         4.000       3.500      SLICE_X43Y51    count_reg[13]/C
High Pulse Width  Fast    FDRE/C   n/a            0.500         4.000       3.500      SLICE_X43Y51    count_reg[13]/C



--------------------------------------------------------------------------------------
Path Group:  (none)
From Clock:  sys_clk_pin
  To Clock:  

Max Delay             1 Endpoint
Min Delay             1 Endpoint
--------------------------------------------------------------------------------------


Max Delay Paths
--------------------------------------------------------------------------------------
Slack:                    inf
  Source:                 led_out_reg/C
                            (rising edge-triggered cell FDRE clocked by sys_clk_pin  {rise@0.000ns fall@4.000ns period=8.000ns})
  Destination:            led_out
                            (output port)
  Path Group:             (none)
  Path Type:              Max at Slow Process Corner
  Data Path Delay:        5.726ns  (logic 4.049ns (70.721%)  route 1.676ns (29.279%))
  Logic Levels:           1  (OBUF=1)
  Clock Uncertainty:      0.025ns  ((TSJ^2 + TIJ^2)^1/2 + DJ) / 2 + PE
    Total System Jitter     (TSJ):    0.050ns
    Total Input Jitter      (TIJ):    0.000ns
    Discrete Jitter          (DJ):    0.000ns
    Phase Error              (PE):    0.000ns

    Location             Delay type                Incr(ns)  Path(ns)    Netlist Resource(s)
  -------------------------------------------------------------------    -------------------
                         (clock sys_clk_pin rise edge)
                                                      0.000     0.000 r  
    K17                                               0.000     0.000 r  sys_clk (IN)
                         net (fo=0)                   0.000     0.000    sys_clk
    K17                  IBUF (Prop_ibuf_I_O)         1.492     1.492 r  sys_clk_IBUF_inst/O
                         net (fo=1, routed)           2.076     3.568    sys_clk_IBUF
    BUFGCTRL_X0Y16       BUFG (Prop_bufg_I_O)         0.101     3.669 r  sys_clk_IBUF_BUFG_inst/O
                         net (fo=27, routed)          1.740     5.409    sys_clk_IBUF_BUFG
    SLICE_X42Y54         FDRE                                         r  led_out_reg/C
  -------------------------------------------------------------------    -------------------
    SLICE_X42Y54         FDRE (Prop_fdre_C_Q)         0.518     5.927 r  led_out_reg/Q
                         net (fo=2, routed)           1.676     7.603    led_out_OBUF
    M14                  OBUF (Prop_obuf_I_O)         3.531    11.134 r  led_out_OBUF_inst/O
                         net (fo=0)                   0.000    11.134    led_out
    M14                                                               r  led_out (OUT)
  -------------------------------------------------------------------    -------------------





Min Delay Paths
--------------------------------------------------------------------------------------
Slack:                    inf
  Source:                 led_out_reg/C
                            (rising edge-triggered cell FDRE clocked by sys_clk_pin  {rise@0.000ns fall@4.000ns period=8.000ns})
  Destination:            led_out
                            (output port)
  Path Group:             (none)
  Path Type:              Min at Fast Process Corner
  Data Path Delay:        1.739ns  (logic 1.396ns (80.258%)  route 0.343ns (19.742%))
  Logic Levels:           1  (OBUF=1)
  Clock Uncertainty:      0.025ns  ((TSJ^2 + TIJ^2)^1/2 + DJ) / 2 + PE
    Total System Jitter     (TSJ):    0.050ns
    Total Input Jitter      (TIJ):    0.000ns
    Discrete Jitter          (DJ):    0.000ns
    Phase Error              (PE):    0.000ns

    Location             Delay type                Incr(ns)  Path(ns)    Netlist Resource(s)
  -------------------------------------------------------------------    -------------------
                         (clock sys_clk_pin rise edge)
                                                      0.000     0.000 r  
    K17                                               0.000     0.000 r  sys_clk (IN)
                         net (fo=0)                   0.000     0.000    sys_clk
    K17                  IBUF (Prop_ibuf_I_O)         0.259     0.259 r  sys_clk_IBUF_inst/O
                         net (fo=1, routed)           0.627     0.887    sys_clk_IBUF
    BUFGCTRL_X0Y16       BUFG (Prop_bufg_I_O)         0.026     0.913 r  sys_clk_IBUF_BUFG_inst/O
                         net (fo=27, routed)          0.588     1.500    sys_clk_IBUF_BUFG
    SLICE_X42Y54         FDRE                                         r  led_out_reg/C
  -------------------------------------------------------------------    -------------------
    SLICE_X42Y54         FDRE (Prop_fdre_C_Q)         0.164     1.664 r  led_out_reg/Q
                         net (fo=2, routed)           0.343     2.008    led_out_OBUF
    M14                  OBUF (Prop_obuf_I_O)         1.232     3.240 r  led_out_OBUF_inst/O
                         net (fo=0)                   0.000     3.240    led_out
    M14                                                               r  led_out (OUT)
  -------------------------------------------------------------------    -------------------





--------------------------------------------------------------------------------------
Path Group:  (none)
From Clock:  
  To Clock:  sys_clk_pin

Max Delay            27 Endpoints
Min Delay            27 Endpoints
--------------------------------------------------------------------------------------


Max Delay Paths
--------------------------------------------------------------------------------------
Slack:                    inf
  Source:                 rst
                            (input port)
  Destination:            count_reg[0]/R
                            (rising edge-triggered cell FDRE clocked by sys_clk_pin  {rise@0.000ns fall@4.000ns period=8.000ns})
  Path Group:             (none)
  Path Type:              Setup (Max at Slow Process Corner)
  Data Path Delay:        4.544ns  (logic 1.613ns (35.495%)  route 2.931ns (64.505%))
  Logic Levels:           2  (IBUF=1 LUT3=1)
  Clock Path Skew:        4.973ns (DCD - SCD + CPR)
    Destination Clock Delay (DCD):    4.973ns
    Source Clock Delay      (SCD):    0.000ns
    Clock Pessimism Removal (CPR):    0.000ns
  Clock Uncertainty:      0.025ns  ((TSJ^2 + TIJ^2)^1/2 + DJ) / 2 + PE
    Total System Jitter     (TSJ):    0.050ns
    Total Input Jitter      (TIJ):    0.000ns
    Discrete Jitter          (DJ):    0.000ns
    Phase Error              (PE):    0.000ns

    Location             Delay type                Incr(ns)  Path(ns)    Netlist Resource(s)
  -------------------------------------------------------------------    -------------------
    K18                                               0.000     0.000 r  rst (IN)
                         net (fo=0)                   0.000     0.000    rst
    K18                  IBUF (Prop_ibuf_I_O)         1.489     1.489 r  rst_IBUF_inst/O
                         net (fo=2, routed)           2.082     3.571    rst_IBUF
    SLICE_X42Y54         LUT3 (Prop_lut3_I0_O)        0.124     3.695 r  count[0]_i_1/O
                         net (fo=26, routed)          0.849     4.544    count[0]_i_1_n_0
    SLICE_X43Y48         FDRE                                         r  count_reg[0]/R
  -------------------------------------------------------------------    -------------------

                         (clock sys_clk_pin rise edge)
                                                      0.000     0.000 r  
    K17                                               0.000     0.000 r  sys_clk (IN)
                         net (fo=0)                   0.000     0.000    sys_clk
    K17                  IBUF (Prop_ibuf_I_O)         1.421     1.421 r  sys_clk_IBUF_inst/O
                         net (fo=1, routed)           1.880     3.301    sys_clk_IBUF
    BUFGCTRL_X0Y16       BUFG (Prop_bufg_I_O)         0.091     3.392 r  sys_clk_IBUF_BUFG_inst/O
                         net (fo=27, routed)          1.580     4.972    sys_clk_IBUF_BUFG
    SLICE_X43Y48         FDRE                                         r  count_reg[0]/C

Slack:                    inf
  Source:                 rst
                            (input port)
  Destination:            count_reg[1]/R
                            (rising edge-triggered cell FDRE clocked by sys_clk_pin  {rise@0.000ns fall@4.000ns period=8.000ns})
  Path Group:             (none)
  Path Type:              Setup (Max at Slow Process Corner)
  Data Path Delay:        4.544ns  (logic 1.613ns (35.495%)  route 2.931ns (64.505%))
  Logic Levels:           2  (IBUF=1 LUT3=1)
  Clock Path Skew:        4.973ns (DCD - SCD + CPR)
    Destination Clock Delay (DCD):    4.973ns
    Source Clock Delay      (SCD):    0.000ns
    Clock Pessimism Removal (CPR):    0.000ns
  Clock Uncertainty:      0.025ns  ((TSJ^2 + TIJ^2)^1/2 + DJ) / 2 + PE
    Total System Jitter     (TSJ):    0.050ns
    Total Input Jitter      (TIJ):    0.000ns
    Discrete Jitter          (DJ):    0.000ns
    Phase Error              (PE):    0.000ns

    Location             Delay type                Incr(ns)  Path(ns)    Netlist Resource(s)
  -------------------------------------------------------------------    -------------------
    K18                                               0.000     0.000 r  rst (IN)
                         net (fo=0)                   0.000     0.000    rst
    K18                  IBUF (Prop_ibuf_I_O)         1.489     1.489 r  rst_IBUF_inst/O
                         net (fo=2, routed)           2.082     3.571    rst_IBUF
    SLICE_X42Y54         LUT3 (Prop_lut3_I0_O)        0.124     3.695 r  count[0]_i_1/O
                         net (fo=26, routed)          0.849     4.544    count[0]_i_1_n_0
    SLICE_X43Y48         FDRE                                         r  count_reg[1]/R
  -------------------------------------------------------------------    -------------------

                         (clock sys_clk_pin rise edge)
                                                      0.000     0.000 r  
    K17                                               0.000     0.000 r  sys_clk (IN)
                         net (fo=0)                   0.000     0.000    sys_clk
    K17                  IBUF (Prop_ibuf_I_O)         1.421     1.421 r  sys_clk_IBUF_inst/O
                         net (fo=1, routed)           1.880     3.301    sys_clk_IBUF
    BUFGCTRL_X0Y16       BUFG (Prop_bufg_I_O)         0.091     3.392 r  sys_clk_IBUF_BUFG_inst/O
                         net (fo=27, routed)          1.580     4.972    sys_clk_IBUF_BUFG
    SLICE_X43Y48         FDRE                                         r  count_reg[1]/C

Slack:                    inf
  Source:                 rst
                            (input port)
  Destination:            count_reg[2]/R
                            (rising edge-triggered cell FDRE clocked by sys_clk_pin  {rise@0.000ns fall@4.000ns period=8.000ns})
  Path Group:             (none)
  Path Type:              Setup (Max at Slow Process Corner)
  Data Path Delay:        4.544ns  (logic 1.613ns (35.495%)  route 2.931ns (64.505%))
  Logic Levels:           2  (IBUF=1 LUT3=1)
  Clock Path Skew:        4.973ns (DCD - SCD + CPR)
    Destination Clock Delay (DCD):    4.973ns
    Source Clock Delay      (SCD):    0.000ns
    Clock Pessimism Removal (CPR):    0.000ns
  Clock Uncertainty:      0.025ns  ((TSJ^2 + TIJ^2)^1/2 + DJ) / 2 + PE
    Total System Jitter     (TSJ):    0.050ns
    Total Input Jitter      (TIJ):    0.000ns
    Discrete Jitter          (DJ):    0.000ns
    Phase Error              (PE):    0.000ns

    Location             Delay type                Incr(ns)  Path(ns)    Netlist Resource(s)
  -------------------------------------------------------------------    -------------------
    K18                                               0.000     0.000 r  rst (IN)
                         net (fo=0)                   0.000     0.000    rst
    K18                  IBUF (Prop_ibuf_I_O)         1.489     1.489 r  rst_IBUF_inst/O
                         net (fo=2, routed)           2.082     3.571    rst_IBUF
    SLICE_X42Y54         LUT3 (Prop_lut3_I0_O)        0.124     3.695 r  count[0]_i_1/O
                         net (fo=26, routed)          0.849     4.544    count[0]_i_1_n_0
    SLICE_X43Y48         FDRE                                         r  count_reg[2]/R
  -------------------------------------------------------------------    -------------------

                         (clock sys_clk_pin rise edge)
                                                      0.000     0.000 r  
    K17                                               0.000     0.000 r  sys_clk (IN)
                         net (fo=0)                   0.000     0.000    sys_clk
    K17                  IBUF (Prop_ibuf_I_O)         1.421     1.421 r  sys_clk_IBUF_inst/O
                         net (fo=1, routed)           1.880     3.301    sys_clk_IBUF
    BUFGCTRL_X0Y16       BUFG (Prop_bufg_I_O)         0.091     3.392 r  sys_clk_IBUF_BUFG_inst/O
                         net (fo=27, routed)          1.580     4.972    sys_clk_IBUF_BUFG
    SLICE_X43Y48         FDRE                                         r  count_reg[2]/C

Slack:                    inf
  Source:                 rst
                            (input port)
  Destination:            count_reg[3]/R
                            (rising edge-triggered cell FDRE clocked by sys_clk_pin  {rise@0.000ns fall@4.000ns period=8.000ns})
  Path Group:             (none)
  Path Type:              Setup (Max at Slow Process Corner)
  Data Path Delay:        4.544ns  (logic 1.613ns (35.495%)  route 2.931ns (64.505%))
  Logic Levels:           2  (IBUF=1 LUT3=1)
  Clock Path Skew:        4.973ns (DCD - SCD + CPR)
    Destination Clock Delay (DCD):    4.973ns
    Source Clock Delay      (SCD):    0.000ns
    Clock Pessimism Removal (CPR):    0.000ns
  Clock Uncertainty:      0.025ns  ((TSJ^2 + TIJ^2)^1/2 + DJ) / 2 + PE
    Total System Jitter     (TSJ):    0.050ns
    Total Input Jitter      (TIJ):    0.000ns
    Discrete Jitter          (DJ):    0.000ns
    Phase Error              (PE):    0.000ns

    Location             Delay type                Incr(ns)  Path(ns)    Netlist Resource(s)
  -------------------------------------------------------------------    -------------------
    K18                                               0.000     0.000 r  rst (IN)
                         net (fo=0)                   0.000     0.000    rst
    K18                  IBUF (Prop_ibuf_I_O)         1.489     1.489 r  rst_IBUF_inst/O
                         net (fo=2, routed)           2.082     3.571    rst_IBUF
    SLICE_X42Y54         LUT3 (Prop_lut3_I0_O)        0.124     3.695 r  count[0]_i_1/O
                         net (fo=26, routed)          0.849     4.544    count[0]_i_1_n_0
    SLICE_X43Y48         FDRE                                         r  count_reg[3]/R
  -------------------------------------------------------------------    -------------------

                         (clock sys_clk_pin rise edge)
                                                      0.000     0.000 r  
    K17                                               0.000     0.000 r  sys_clk (IN)
                         net (fo=0)                   0.000     0.000    sys_clk
    K17                  IBUF (Prop_ibuf_I_O)         1.421     1.421 r  sys_clk_IBUF_inst/O
                         net (fo=1, routed)           1.880     3.301    sys_clk_IBUF
    BUFGCTRL_X0Y16       BUFG (Prop_bufg_I_O)         0.091     3.392 r  sys_clk_IBUF_BUFG_inst/O
                         net (fo=27, routed)          1.580     4.972    sys_clk_IBUF_BUFG
    SLICE_X43Y48         FDRE                                         r  count_reg[3]/C

Slack:                    inf
  Source:                 rst
                            (input port)
  Destination:            count_reg[4]/R
                            (rising edge-triggered cell FDRE clocked by sys_clk_pin  {rise@0.000ns fall@4.000ns period=8.000ns})
  Path Group:             (none)
  Path Type:              Setup (Max at Slow Process Corner)
  Data Path Delay:        4.472ns  (logic 1.613ns (36.069%)  route 2.859ns (63.931%))
  Logic Levels:           2  (IBUF=1 LUT3=1)
  Clock Path Skew:        4.973ns (DCD - SCD + CPR)
    Destination Clock Delay (DCD):    4.973ns
    Source Clock Delay      (SCD):    0.000ns
    Clock Pessimism Removal (CPR):    0.000ns
  Clock Uncertainty:      0.025ns  ((TSJ^2 + TIJ^2)^1/2 + DJ) / 2 + PE
    Total System Jitter     (TSJ):    0.050ns
    Total Input Jitter      (TIJ):    0.000ns
    Discrete Jitter          (DJ):    0.000ns
    Phase Error              (PE):    0.000ns

    Location             Delay type                Incr(ns)  Path(ns)    Netlist Resource(s)
  -------------------------------------------------------------------    -------------------
    K18                                               0.000     0.000 r  rst (IN)
                         net (fo=0)                   0.000     0.000    rst
    K18                  IBUF (Prop_ibuf_I_O)         1.489     1.489 r  rst_IBUF_inst/O
                         net (fo=2, routed)           2.082     3.571    rst_IBUF
    SLICE_X42Y54         LUT3 (Prop_lut3_I0_O)        0.124     3.695 r  count[0]_i_1/O
                         net (fo=26, routed)          0.776     4.472    count[0]_i_1_n_0
    SLICE_X43Y49         FDRE                                         r  count_reg[4]/R
  -------------------------------------------------------------------    -------------------

                         (clock sys_clk_pin rise edge)
                                                      0.000     0.000 r  
    K17                                               0.000     0.000 r  sys_clk (IN)
                         net (fo=0)                   0.000     0.000    sys_clk
    K17                  IBUF (Prop_ibuf_I_O)         1.421     1.421 r  sys_clk_IBUF_inst/O
                         net (fo=1, routed)           1.880     3.301    sys_clk_IBUF
    BUFGCTRL_X0Y16       BUFG (Prop_bufg_I_O)         0.091     3.392 r  sys_clk_IBUF_BUFG_inst/O
                         net (fo=27, routed)          1.580     4.972    sys_clk_IBUF_BUFG
    SLICE_X43Y49         FDRE                                         r  count_reg[4]/C

Slack:                    inf
  Source:                 rst
                            (input port)
  Destination:            count_reg[5]/R
                            (rising edge-triggered cell FDRE clocked by sys_clk_pin  {rise@0.000ns fall@4.000ns period=8.000ns})
  Path Group:             (none)
  Path Type:              Setup (Max at Slow Process Corner)
  Data Path Delay:        4.472ns  (logic 1.613ns (36.069%)  route 2.859ns (63.931%))
  Logic Levels:           2  (IBUF=1 LUT3=1)
  Clock Path Skew:        4.973ns (DCD - SCD + CPR)
    Destination Clock Delay (DCD):    4.973ns
    Source Clock Delay      (SCD):    0.000ns
    Clock Pessimism Removal (CPR):    0.000ns
  Clock Uncertainty:      0.025ns  ((TSJ^2 + TIJ^2)^1/2 + DJ) / 2 + PE
    Total System Jitter     (TSJ):    0.050ns
    Total Input Jitter      (TIJ):    0.000ns
    Discrete Jitter          (DJ):    0.000ns
    Phase Error              (PE):    0.000ns

    Location             Delay type                Incr(ns)  Path(ns)    Netlist Resource(s)
  -------------------------------------------------------------------    -------------------
    K18                                               0.000     0.000 r  rst (IN)
                         net (fo=0)                   0.000     0.000    rst
    K18                  IBUF (Prop_ibuf_I_O)         1.489     1.489 r  rst_IBUF_inst/O
                         net (fo=2, routed)           2.082     3.571    rst_IBUF
    SLICE_X42Y54         LUT3 (Prop_lut3_I0_O)        0.124     3.695 r  count[0]_i_1/O
                         net (fo=26, routed)          0.776     4.472    count[0]_i_1_n_0
    SLICE_X43Y49         FDRE                                         r  count_reg[5]/R
  -------------------------------------------------------------------    -------------------

                         (clock sys_clk_pin rise edge)
                                                      0.000     0.000 r  
    K17                                               0.000     0.000 r  sys_clk (IN)
                         net (fo=0)                   0.000     0.000    sys_clk
    K17                  IBUF (Prop_ibuf_I_O)         1.421     1.421 r  sys_clk_IBUF_inst/O
                         net (fo=1, routed)           1.880     3.301    sys_clk_IBUF
    BUFGCTRL_X0Y16       BUFG (Prop_bufg_I_O)         0.091     3.392 r  sys_clk_IBUF_BUFG_inst/O
                         net (fo=27, routed)          1.580     4.972    sys_clk_IBUF_BUFG
    SLICE_X43Y49         FDRE                                         r  count_reg[5]/C

Slack:                    inf
  Source:                 rst
                            (input port)
  Destination:            count_reg[6]/R
                            (rising edge-triggered cell FDRE clocked by sys_clk_pin  {rise@0.000ns fall@4.000ns period=8.000ns})
  Path Group:             (none)
  Path Type:              Setup (Max at Slow Process Corner)
  Data Path Delay:        4.472ns  (logic 1.613ns (36.069%)  route 2.859ns (63.931%))
  Logic Levels:           2  (IBUF=1 LUT3=1)
  Clock Path Skew:        4.973ns (DCD - SCD + CPR)
    Destination Clock Delay (DCD):    4.973ns
    Source Clock Delay      (SCD):    0.000ns
    Clock Pessimism Removal (CPR):    0.000ns
  Clock Uncertainty:      0.025ns  ((TSJ^2 + TIJ^2)^1/2 + DJ) / 2 + PE
    Total System Jitter     (TSJ):    0.050ns
    Total Input Jitter      (TIJ):    0.000ns
    Discrete Jitter          (DJ):    0.000ns
    Phase Error              (PE):    0.000ns

    Location             Delay type                Incr(ns)  Path(ns)    Netlist Resource(s)
  -------------------------------------------------------------------    -------------------
    K18                                               0.000     0.000 r  rst (IN)
                         net (fo=0)                   0.000     0.000    rst
    K18                  IBUF (Prop_ibuf_I_O)         1.489     1.489 r  rst_IBUF_inst/O
                         net (fo=2, routed)           2.082     3.571    rst_IBUF
    SLICE_X42Y54         LUT3 (Prop_lut3_I0_O)        0.124     3.695 r  count[0]_i_1/O
                         net (fo=26, routed)          0.776     4.472    count[0]_i_1_n_0
    SLICE_X43Y49         FDRE                                         r  count_reg[6]/R
  -------------------------------------------------------------------    -------------------

                         (clock sys_clk_pin rise edge)
                                                      0.000     0.000 r  
    K17                                               0.000     0.000 r  sys_clk (IN)
                         net (fo=0)                   0.000     0.000    sys_clk
    K17                  IBUF (Prop_ibuf_I_O)         1.421     1.421 r  sys_clk_IBUF_inst/O
                         net (fo=1, routed)           1.880     3.301    sys_clk_IBUF
    BUFGCTRL_X0Y16       BUFG (Prop_bufg_I_O)         0.091     3.392 r  sys_clk_IBUF_BUFG_inst/O
                         net (fo=27, routed)          1.580     4.972    sys_clk_IBUF_BUFG
    SLICE_X43Y49         FDRE                                         r  count_reg[6]/C

Slack:                    inf
  Source:                 rst
                            (input port)
  Destination:            count_reg[7]/R
                            (rising edge-triggered cell FDRE clocked by sys_clk_pin  {rise@0.000ns fall@4.000ns period=8.000ns})
  Path Group:             (none)
  Path Type:              Setup (Max at Slow Process Corner)
  Data Path Delay:        4.472ns  (logic 1.613ns (36.069%)  route 2.859ns (63.931%))
  Logic Levels:           2  (IBUF=1 LUT3=1)
  Clock Path Skew:        4.973ns (DCD - SCD + CPR)
    Destination Clock Delay (DCD):    4.973ns
    Source Clock Delay      (SCD):    0.000ns
    Clock Pessimism Removal (CPR):    0.000ns
  Clock Uncertainty:      0.025ns  ((TSJ^2 + TIJ^2)^1/2 + DJ) / 2 + PE
    Total System Jitter     (TSJ):    0.050ns
    Total Input Jitter      (TIJ):    0.000ns
    Discrete Jitter          (DJ):    0.000ns
    Phase Error              (PE):    0.000ns

    Location             Delay type                Incr(ns)  Path(ns)    Netlist Resource(s)
  -------------------------------------------------------------------    -------------------
    K18                                               0.000     0.000 r  rst (IN)
                         net (fo=0)                   0.000     0.000    rst
    K18                  IBUF (Prop_ibuf_I_O)         1.489     1.489 r  rst_IBUF_inst/O
                         net (fo=2, routed)           2.082     3.571    rst_IBUF
    SLICE_X42Y54         LUT3 (Prop_lut3_I0_O)        0.124     3.695 r  count[0]_i_1/O
                         net (fo=26, routed)          0.776     4.472    count[0]_i_1_n_0
    SLICE_X43Y49         FDRE                                         r  count_reg[7]/R
  -------------------------------------------------------------------    -------------------

                         (clock sys_clk_pin rise edge)
                                                      0.000     0.000 r  
    K17                                               0.000     0.000 r  sys_clk (IN)
                         net (fo=0)                   0.000     0.000    sys_clk
    K17                  IBUF (Prop_ibuf_I_O)         1.421     1.421 r  sys_clk_IBUF_inst/O
                         net (fo=1, routed)           1.880     3.301    sys_clk_IBUF
    BUFGCTRL_X0Y16       BUFG (Prop_bufg_I_O)         0.091     3.392 r  sys_clk_IBUF_BUFG_inst/O
                         net (fo=27, routed)          1.580     4.972    sys_clk_IBUF_BUFG
    SLICE_X43Y49         FDRE                                         r  count_reg[7]/C

Slack:                    inf
  Source:                 rst
                            (input port)
  Destination:            count_reg[10]/R
                            (rising edge-triggered cell FDRE clocked by sys_clk_pin  {rise@0.000ns fall@4.000ns period=8.000ns})
  Path Group:             (none)
  Path Type:              Setup (Max at Slow Process Corner)
  Data Path Delay:        4.399ns  (logic 1.613ns (36.668%)  route 2.786ns (63.332%))
  Logic Levels:           2  (IBUF=1 LUT3=1)
  Clock Path Skew:        4.956ns (DCD - SCD + CPR)
    Destination Clock Delay (DCD):    4.956ns
    Source Clock Delay      (SCD):    0.000ns
    Clock Pessimism Removal (CPR):    0.000ns
  Clock Uncertainty:      0.025ns  ((TSJ^2 + TIJ^2)^1/2 + DJ) / 2 + PE
    Total System Jitter     (TSJ):    0.050ns
    Total Input Jitter      (TIJ):    0.000ns
    Discrete Jitter          (DJ):    0.000ns
    Phase Error              (PE):    0.000ns

    Location             Delay type                Incr(ns)  Path(ns)    Netlist Resource(s)
  -------------------------------------------------------------------    -------------------
    K18                                               0.000     0.000 r  rst (IN)
                         net (fo=0)                   0.000     0.000    rst
    K18                  IBUF (Prop_ibuf_I_O)         1.489     1.489 r  rst_IBUF_inst/O
                         net (fo=2, routed)           2.082     3.571    rst_IBUF
    SLICE_X42Y54         LUT3 (Prop_lut3_I0_O)        0.124     3.695 r  count[0]_i_1/O
                         net (fo=26, routed)          0.704     4.399    count[0]_i_1_n_0
    SLICE_X43Y50         FDRE                                         r  count_reg[10]/R
  -------------------------------------------------------------------    -------------------

                         (clock sys_clk_pin rise edge)
                                                      0.000     0.000 r  
    K17                                               0.000     0.000 r  sys_clk (IN)
                         net (fo=0)                   0.000     0.000    sys_clk
    K17                  IBUF (Prop_ibuf_I_O)         1.421     1.421 r  sys_clk_IBUF_inst/O
                         net (fo=1, routed)           1.880     3.301    sys_clk_IBUF
    BUFGCTRL_X0Y16       BUFG (Prop_bufg_I_O)         0.091     3.392 r  sys_clk_IBUF_BUFG_inst/O
                         net (fo=27, routed)          1.564     4.956    sys_clk_IBUF_BUFG
    SLICE_X43Y50         FDRE                                         r  count_reg[10]/C

Slack:                    inf
  Source:                 rst
                            (input port)
  Destination:            count_reg[11]/R
                            (rising edge-triggered cell FDRE clocked by sys_clk_pin  {rise@0.000ns fall@4.000ns period=8.000ns})
  Path Group:             (none)
  Path Type:              Setup (Max at Slow Process Corner)
  Data Path Delay:        4.399ns  (logic 1.613ns (36.668%)  route 2.786ns (63.332%))
  Logic Levels:           2  (IBUF=1 LUT3=1)
  Clock Path Skew:        4.956ns (DCD - SCD + CPR)
    Destination Clock Delay (DCD):    4.956ns
    Source Clock Delay      (SCD):    0.000ns
    Clock Pessimism Removal (CPR):    0.000ns
  Clock Uncertainty:      0.025ns  ((TSJ^2 + TIJ^2)^1/2 + DJ) / 2 + PE
    Total System Jitter     (TSJ):    0.050ns
    Total Input Jitter      (TIJ):    0.000ns
    Discrete Jitter          (DJ):    0.000ns
    Phase Error              (PE):    0.000ns

    Location             Delay type                Incr(ns)  Path(ns)    Netlist Resource(s)
  -------------------------------------------------------------------    -------------------
    K18                                               0.000     0.000 r  rst (IN)
                         net (fo=0)                   0.000     0.000    rst
    K18                  IBUF (Prop_ibuf_I_O)         1.489     1.489 r  rst_IBUF_inst/O
                         net (fo=2, routed)           2.082     3.571    rst_IBUF
    SLICE_X42Y54         LUT3 (Prop_lut3_I0_O)        0.124     3.695 r  count[0]_i_1/O
                         net (fo=26, routed)          0.704     4.399    count[0]_i_1_n_0
    SLICE_X43Y50         FDRE                                         r  count_reg[11]/R
  -------------------------------------------------------------------    -------------------

                         (clock sys_clk_pin rise edge)
                                                      0.000     0.000 r  
    K17                                               0.000     0.000 r  sys_clk (IN)
                         net (fo=0)                   0.000     0.000    sys_clk
    K17                  IBUF (Prop_ibuf_I_O)         1.421     1.421 r  sys_clk_IBUF_inst/O
                         net (fo=1, routed)           1.880     3.301    sys_clk_IBUF
    BUFGCTRL_X0Y16       BUFG (Prop_bufg_I_O)         0.091     3.392 r  sys_clk_IBUF_BUFG_inst/O
                         net (fo=27, routed)          1.564     4.956    sys_clk_IBUF_BUFG
    SLICE_X43Y50         FDRE                                         r  count_reg[11]/C





Min Delay Paths
--------------------------------------------------------------------------------------
Slack:                    inf
  Source:                 led_en
                            (input port)
  Destination:            led_out_reg/D
                            (rising edge-triggered cell FDRE clocked by sys_clk_pin  {rise@0.000ns fall@4.000ns period=8.000ns})
  Path Group:             (none)
  Path Type:              Hold (Min at Fast Process Corner)
  Data Path Delay:        0.881ns  (logic 0.265ns (30.151%)  route 0.615ns (69.849%))
  Logic Levels:           2  (IBUF=1 LUT4=1)
  Clock Path Skew:        2.017ns (DCD - SCD - CPR)
    Destination Clock Delay (DCD):    2.017ns
    Source Clock Delay      (SCD):    0.000ns
    Clock Pessimism Removal (CPR):    -0.000ns

    Location             Delay type                Incr(ns)  Path(ns)    Netlist Resource(s)
  -------------------------------------------------------------------    -------------------
    G15                                               0.000     0.000 r  led_en (IN)
                         net (fo=0)                   0.000     0.000    led_en
    G15                  IBUF (Prop_ibuf_I_O)         0.220     0.220 r  led_en_IBUF_inst/O
                         net (fo=2, routed)           0.615     0.836    led_en_IBUF
    SLICE_X42Y54         LUT4 (Prop_lut4_I1_O)        0.045     0.881 r  led_out_i_1/O
                         net (fo=1, routed)           0.000     0.881    led_out_i_1_n_0
    SLICE_X42Y54         FDRE                                         r  led_out_reg/D
  -------------------------------------------------------------------    -------------------

                         (clock sys_clk_pin rise edge)
                                                      0.000     0.000 r  
    K17                                               0.000     0.000 r  sys_clk (IN)
                         net (fo=0)                   0.000     0.000    sys_clk
    K17                  IBUF (Prop_ibuf_I_O)         0.447     0.447 r  sys_clk_IBUF_inst/O
                         net (fo=1, routed)           0.683     1.130    sys_clk_IBUF
    BUFGCTRL_X0Y16       BUFG (Prop_bufg_I_O)         0.029     1.159 r  sys_clk_IBUF_BUFG_inst/O
                         net (fo=27, routed)          0.858     2.017    sys_clk_IBUF_BUFG
    SLICE_X42Y54         FDRE                                         r  led_out_reg/C

Slack:                    inf
  Source:                 led_en
                            (input port)
  Destination:            count_reg[20]/R
                            (rising edge-triggered cell FDRE clocked by sys_clk_pin  {rise@0.000ns fall@4.000ns period=8.000ns})
  Path Group:             (none)
  Path Type:              Hold (Min at Fast Process Corner)
  Data Path Delay:        0.987ns  (logic 0.265ns (26.896%)  route 0.722ns (73.104%))
  Logic Levels:           2  (IBUF=1 LUT3=1)
  Clock Path Skew:        2.017ns (DCD - SCD - CPR)
    Destination Clock Delay (DCD):    2.017ns
    Source Clock Delay      (SCD):    0.000ns
    Clock Pessimism Removal (CPR):    -0.000ns

    Location             Delay type                Incr(ns)  Path(ns)    Netlist Resource(s)
  -------------------------------------------------------------------    -------------------
    G15                                               0.000     0.000 f  led_en (IN)
                         net (fo=0)                   0.000     0.000    led_en
    G15                  IBUF (Prop_ibuf_I_O)         0.220     0.220 f  led_en_IBUF_inst/O
                         net (fo=2, routed)           0.555     0.776    led_en_IBUF
    SLICE_X42Y54         LUT3 (Prop_lut3_I2_O)        0.045     0.821 r  count[0]_i_1/O
                         net (fo=26, routed)          0.167     0.987    count[0]_i_1_n_0
    SLICE_X43Y53         FDRE                                         r  count_reg[20]/R
  -------------------------------------------------------------------    -------------------

                         (clock sys_clk_pin rise edge)
                                                      0.000     0.000 r  
    K17                                               0.000     0.000 r  sys_clk (IN)
                         net (fo=0)                   0.000     0.000    sys_clk
    K17                  IBUF (Prop_ibuf_I_O)         0.447     0.447 r  sys_clk_IBUF_inst/O
                         net (fo=1, routed)           0.683     1.130    sys_clk_IBUF
    BUFGCTRL_X0Y16       BUFG (Prop_bufg_I_O)         0.029     1.159 r  sys_clk_IBUF_BUFG_inst/O
                         net (fo=27, routed)          0.858     2.017    sys_clk_IBUF_BUFG
    SLICE_X43Y53         FDRE                                         r  count_reg[20]/C

Slack:                    inf
  Source:                 led_en
                            (input port)
  Destination:            count_reg[21]/R
                            (rising edge-triggered cell FDRE clocked by sys_clk_pin  {rise@0.000ns fall@4.000ns period=8.000ns})
  Path Group:             (none)
  Path Type:              Hold (Min at Fast Process Corner)
  Data Path Delay:        0.987ns  (logic 0.265ns (26.896%)  route 0.722ns (73.104%))
  Logic Levels:           2  (IBUF=1 LUT3=1)
  Clock Path Skew:        2.017ns (DCD - SCD - CPR)
    Destination Clock Delay (DCD):    2.017ns
    Source Clock Delay      (SCD):    0.000ns
    Clock Pessimism Removal (CPR):    -0.000ns

    Location             Delay type                Incr(ns)  Path(ns)    Netlist Resource(s)
  -------------------------------------------------------------------    -------------------
    G15                                               0.000     0.000 f  led_en (IN)
                         net (fo=0)                   0.000     0.000    led_en
    G15                  IBUF (Prop_ibuf_I_O)         0.220     0.220 f  led_en_IBUF_inst/O
                         net (fo=2, routed)           0.555     0.776    led_en_IBUF
    SLICE_X42Y54         LUT3 (Prop_lut3_I2_O)        0.045     0.821 r  count[0]_i_1/O
                         net (fo=26, routed)          0.167     0.987    count[0]_i_1_n_0
    SLICE_X43Y53         FDRE                                         r  count_reg[21]/R
  -------------------------------------------------------------------    -------------------

                         (clock sys_clk_pin rise edge)
                                                      0.000     0.000 r  
    K17                                               0.000     0.000 r  sys_clk (IN)
                         net (fo=0)                   0.000     0.000    sys_clk
    K17                  IBUF (Prop_ibuf_I_O)         0.447     0.447 r  sys_clk_IBUF_inst/O
                         net (fo=1, routed)           0.683     1.130    sys_clk_IBUF
    BUFGCTRL_X0Y16       BUFG (Prop_bufg_I_O)         0.029     1.159 r  sys_clk_IBUF_BUFG_inst/O
                         net (fo=27, routed)          0.858     2.017    sys_clk_IBUF_BUFG
    SLICE_X43Y53         FDRE                                         r  count_reg[21]/C

Slack:                    inf
  Source:                 led_en
                            (input port)
  Destination:            count_reg[22]/R
                            (rising edge-triggered cell FDRE clocked by sys_clk_pin  {rise@0.000ns fall@4.000ns period=8.000ns})
  Path Group:             (none)
  Path Type:              Hold (Min at Fast Process Corner)
  Data Path Delay:        0.987ns  (logic 0.265ns (26.896%)  route 0.722ns (73.104%))
  Logic Levels:           2  (IBUF=1 LUT3=1)
  Clock Path Skew:        2.017ns (DCD - SCD - CPR)
    Destination Clock Delay (DCD):    2.017ns
    Source Clock Delay      (SCD):    0.000ns
    Clock Pessimism Removal (CPR):    -0.000ns

    Location             Delay type                Incr(ns)  Path(ns)    Netlist Resource(s)
  -------------------------------------------------------------------    -------------------
    G15                                               0.000     0.000 f  led_en (IN)
                         net (fo=0)                   0.000     0.000    led_en
    G15                  IBUF (Prop_ibuf_I_O)         0.220     0.220 f  led_en_IBUF_inst/O
                         net (fo=2, routed)           0.555     0.776    led_en_IBUF
    SLICE_X42Y54         LUT3 (Prop_lut3_I2_O)        0.045     0.821 r  count[0]_i_1/O
                         net (fo=26, routed)          0.167     0.987    count[0]_i_1_n_0
    SLICE_X43Y53         FDRE                                         r  count_reg[22]/R
  -------------------------------------------------------------------    -------------------

                         (clock sys_clk_pin rise edge)
                                                      0.000     0.000 r  
    K17                                               0.000     0.000 r  sys_clk (IN)
                         net (fo=0)                   0.000     0.000    sys_clk
    K17                  IBUF (Prop_ibuf_I_O)         0.447     0.447 r  sys_clk_IBUF_inst/O
                         net (fo=1, routed)           0.683     1.130    sys_clk_IBUF
    BUFGCTRL_X0Y16       BUFG (Prop_bufg_I_O)         0.029     1.159 r  sys_clk_IBUF_BUFG_inst/O
                         net (fo=27, routed)          0.858     2.017    sys_clk_IBUF_BUFG
    SLICE_X43Y53         FDRE                                         r  count_reg[22]/C

Slack:                    inf
  Source:                 led_en
                            (input port)
  Destination:            count_reg[23]/R
                            (rising edge-triggered cell FDRE clocked by sys_clk_pin  {rise@0.000ns fall@4.000ns period=8.000ns})
  Path Group:             (none)
  Path Type:              Hold (Min at Fast Process Corner)
  Data Path Delay:        0.987ns  (logic 0.265ns (26.896%)  route 0.722ns (73.104%))
  Logic Levels:           2  (IBUF=1 LUT3=1)
  Clock Path Skew:        2.017ns (DCD - SCD - CPR)
    Destination Clock Delay (DCD):    2.017ns
    Source Clock Delay      (SCD):    0.000ns
    Clock Pessimism Removal (CPR):    -0.000ns

    Location             Delay type                Incr(ns)  Path(ns)    Netlist Resource(s)
  -------------------------------------------------------------------    -------------------
    G15                                               0.000     0.000 f  led_en (IN)
                         net (fo=0)                   0.000     0.000    led_en
    G15                  IBUF (Prop_ibuf_I_O)         0.220     0.220 f  led_en_IBUF_inst/O
                         net (fo=2, routed)           0.555     0.776    led_en_IBUF
    SLICE_X42Y54         LUT3 (Prop_lut3_I2_O)        0.045     0.821 r  count[0]_i_1/O
                         net (fo=26, routed)          0.167     0.987    count[0]_i_1_n_0
    SLICE_X43Y53         FDRE                                         r  count_reg[23]/R
  -------------------------------------------------------------------    -------------------

                         (clock sys_clk_pin rise edge)
                                                      0.000     0.000 r  
    K17                                               0.000     0.000 r  sys_clk (IN)
                         net (fo=0)                   0.000     0.000    sys_clk
    K17                  IBUF (Prop_ibuf_I_O)         0.447     0.447 r  sys_clk_IBUF_inst/O
                         net (fo=1, routed)           0.683     1.130    sys_clk_IBUF
    BUFGCTRL_X0Y16       BUFG (Prop_bufg_I_O)         0.029     1.159 r  sys_clk_IBUF_BUFG_inst/O
                         net (fo=27, routed)          0.858     2.017    sys_clk_IBUF_BUFG
    SLICE_X43Y53         FDRE                                         r  count_reg[23]/C

Slack:                    inf
  Source:                 led_en
                            (input port)
  Destination:            count_reg[16]/R
                            (rising edge-triggered cell FDRE clocked by sys_clk_pin  {rise@0.000ns fall@4.000ns period=8.000ns})
  Path Group:             (none)
  Path Type:              Hold (Min at Fast Process Corner)
  Data Path Delay:        1.041ns  (logic 0.265ns (25.504%)  route 0.775ns (74.496%))
  Logic Levels:           2  (IBUF=1 LUT3=1)
  Clock Path Skew:        2.018ns (DCD - SCD - CPR)
    Destination Clock Delay (DCD):    2.018ns
    Source Clock Delay      (SCD):    0.000ns
    Clock Pessimism Removal (CPR):    -0.000ns

    Location             Delay type                Incr(ns)  Path(ns)    Netlist Resource(s)
  -------------------------------------------------------------------    -------------------
    G15                                               0.000     0.000 f  led_en (IN)
                         net (fo=0)                   0.000     0.000    led_en
    G15                  IBUF (Prop_ibuf_I_O)         0.220     0.220 f  led_en_IBUF_inst/O
                         net (fo=2, routed)           0.555     0.776    led_en_IBUF
    SLICE_X42Y54         LUT3 (Prop_lut3_I2_O)        0.045     0.821 r  count[0]_i_1/O
                         net (fo=26, routed)          0.220     1.041    count[0]_i_1_n_0
    SLICE_X43Y52         FDRE                                         r  count_reg[16]/R
  -------------------------------------------------------------------    -------------------

                         (clock sys_clk_pin rise edge)
                                                      0.000     0.000 r  
    K17                                               0.000     0.000 r  sys_clk (IN)
                         net (fo=0)                   0.000     0.000    sys_clk
    K17                  IBUF (Prop_ibuf_I_O)         0.447     0.447 r  sys_clk_IBUF_inst/O
                         net (fo=1, routed)           0.683     1.130    sys_clk_IBUF
    BUFGCTRL_X0Y16       BUFG (Prop_bufg_I_O)         0.029     1.159 r  sys_clk_IBUF_BUFG_inst/O
                         net (fo=27, routed)          0.859     2.018    sys_clk_IBUF_BUFG
    SLICE_X43Y52         FDRE                                         r  count_reg[16]/C

Slack:                    inf
  Source:                 led_en
                            (input port)
  Destination:            count_reg[17]/R
                            (rising edge-triggered cell FDRE clocked by sys_clk_pin  {rise@0.000ns fall@4.000ns period=8.000ns})
  Path Group:             (none)
  Path Type:              Hold (Min at Fast Process Corner)
  Data Path Delay:        1.041ns  (logic 0.265ns (25.504%)  route 0.775ns (74.496%))
  Logic Levels:           2  (IBUF=1 LUT3=1)
  Clock Path Skew:        2.018ns (DCD - SCD - CPR)
    Destination Clock Delay (DCD):    2.018ns
    Source Clock Delay      (SCD):    0.000ns
    Clock Pessimism Removal (CPR):    -0.000ns

    Location             Delay type                Incr(ns)  Path(ns)    Netlist Resource(s)
  -------------------------------------------------------------------    -------------------
    G15                                               0.000     0.000 f  led_en (IN)
                         net (fo=0)                   0.000     0.000    led_en
    G15                  IBUF (Prop_ibuf_I_O)         0.220     0.220 f  led_en_IBUF_inst/O
                         net (fo=2, routed)           0.555     0.776    led_en_IBUF
    SLICE_X42Y54         LUT3 (Prop_lut3_I2_O)        0.045     0.821 r  count[0]_i_1/O
                         net (fo=26, routed)          0.220     1.041    count[0]_i_1_n_0
    SLICE_X43Y52         FDRE                                         r  count_reg[17]/R
  -------------------------------------------------------------------    -------------------

                         (clock sys_clk_pin rise edge)
                                                      0.000     0.000 r  
    K17                                               0.000     0.000 r  sys_clk (IN)
                         net (fo=0)                   0.000     0.000    sys_clk
    K17                  IBUF (Prop_ibuf_I_O)         0.447     0.447 r  sys_clk_IBUF_inst/O
                         net (fo=1, routed)           0.683     1.130    sys_clk_IBUF
    BUFGCTRL_X0Y16       BUFG (Prop_bufg_I_O)         0.029     1.159 r  sys_clk_IBUF_BUFG_inst/O
                         net (fo=27, routed)          0.859     2.018    sys_clk_IBUF_BUFG
    SLICE_X43Y52         FDRE                                         r  count_reg[17]/C

Slack:                    inf
  Source:                 led_en
                            (input port)
  Destination:            count_reg[18]/R
                            (rising edge-triggered cell FDRE clocked by sys_clk_pin  {rise@0.000ns fall@4.000ns period=8.000ns})
  Path Group:             (none)
  Path Type:              Hold (Min at Fast Process Corner)
  Data Path Delay:        1.041ns  (logic 0.265ns (25.504%)  route 0.775ns (74.496%))
  Logic Levels:           2  (IBUF=1 LUT3=1)
  Clock Path Skew:        2.018ns (DCD - SCD - CPR)
    Destination Clock Delay (DCD):    2.018ns
    Source Clock Delay      (SCD):    0.000ns
    Clock Pessimism Removal (CPR):    -0.000ns

    Location             Delay type                Incr(ns)  Path(ns)    Netlist Resource(s)
  -------------------------------------------------------------------    -------------------
    G15                                               0.000     0.000 f  led_en (IN)
                         net (fo=0)                   0.000     0.000    led_en
    G15                  IBUF (Prop_ibuf_I_O)         0.220     0.220 f  led_en_IBUF_inst/O
                         net (fo=2, routed)           0.555     0.776    led_en_IBUF
    SLICE_X42Y54         LUT3 (Prop_lut3_I2_O)        0.045     0.821 r  count[0]_i_1/O
                         net (fo=26, routed)          0.220     1.041    count[0]_i_1_n_0
    SLICE_X43Y52         FDRE                                         r  count_reg[18]/R
  -------------------------------------------------------------------    -------------------

                         (clock sys_clk_pin rise edge)
                                                      0.000     0.000 r  
    K17                                               0.000     0.000 r  sys_clk (IN)
                         net (fo=0)                   0.000     0.000    sys_clk
    K17                  IBUF (Prop_ibuf_I_O)         0.447     0.447 r  sys_clk_IBUF_inst/O
                         net (fo=1, routed)           0.683     1.130    sys_clk_IBUF
    BUFGCTRL_X0Y16       BUFG (Prop_bufg_I_O)         0.029     1.159 r  sys_clk_IBUF_BUFG_inst/O
                         net (fo=27, routed)          0.859     2.018    sys_clk_IBUF_BUFG
    SLICE_X43Y52         FDRE                                         r  count_reg[18]/C

Slack:                    inf
  Source:                 led_en
                            (input port)
  Destination:            count_reg[19]/R
                            (rising edge-triggered cell FDRE clocked by sys_clk_pin  {rise@0.000ns fall@4.000ns period=8.000ns})
  Path Group:             (none)
  Path Type:              Hold (Min at Fast Process Corner)
  Data Path Delay:        1.041ns  (logic 0.265ns (25.504%)  route 0.775ns (74.496%))
  Logic Levels:           2  (IBUF=1 LUT3=1)
  Clock Path Skew:        2.018ns (DCD - SCD - CPR)
    Destination Clock Delay (DCD):    2.018ns
    Source Clock Delay      (SCD):    0.000ns
    Clock Pessimism Removal (CPR):    -0.000ns

    Location             Delay type                Incr(ns)  Path(ns)    Netlist Resource(s)
  -------------------------------------------------------------------    -------------------
    G15                                               0.000     0.000 f  led_en (IN)
                         net (fo=0)                   0.000     0.000    led_en
    G15                  IBUF (Prop_ibuf_I_O)         0.220     0.220 f  led_en_IBUF_inst/O
                         net (fo=2, routed)           0.555     0.776    led_en_IBUF
    SLICE_X42Y54         LUT3 (Prop_lut3_I2_O)        0.045     0.821 r  count[0]_i_1/O
                         net (fo=26, routed)          0.220     1.041    count[0]_i_1_n_0
    SLICE_X43Y52         FDRE                                         r  count_reg[19]/R
  -------------------------------------------------------------------    -------------------

                         (clock sys_clk_pin rise edge)
                                                      0.000     0.000 r  
    K17                                               0.000     0.000 r  sys_clk (IN)
                         net (fo=0)                   0.000     0.000    sys_clk
    K17                  IBUF (Prop_ibuf_I_O)         0.447     0.447 r  sys_clk_IBUF_inst/O
                         net (fo=1, routed)           0.683     1.130    sys_clk_IBUF
    BUFGCTRL_X0Y16       BUFG (Prop_bufg_I_O)         0.029     1.159 r  sys_clk_IBUF_BUFG_inst/O
                         net (fo=27, routed)          0.859     2.018    sys_clk_IBUF_BUFG
    SLICE_X43Y52         FDRE                                         r  count_reg[19]/C

Slack:                    inf
  Source:                 led_en
                            (input port)
  Destination:            count_reg[12]/R
                            (rising edge-triggered cell FDRE clocked by sys_clk_pin  {rise@0.000ns fall@4.000ns period=8.000ns})
  Path Group:             (none)
  Path Type:              Hold (Min at Fast Process Corner)
  Data Path Delay:        1.057ns  (logic 0.265ns (25.112%)  route 0.792ns (74.888%))
  Logic Levels:           2  (IBUF=1 LUT3=1)
  Clock Path Skew:        2.018ns (DCD - SCD - CPR)
    Destination Clock Delay (DCD):    2.018ns
    Source Clock Delay      (SCD):    0.000ns
    Clock Pessimism Removal (CPR):    -0.000ns

    Location             Delay type                Incr(ns)  Path(ns)    Netlist Resource(s)
  -------------------------------------------------------------------    -------------------
    G15                                               0.000     0.000 f  led_en (IN)
                         net (fo=0)                   0.000     0.000    led_en
    G15                  IBUF (Prop_ibuf_I_O)         0.220     0.220 f  led_en_IBUF_inst/O
                         net (fo=2, routed)           0.555     0.776    led_en_IBUF
    SLICE_X42Y54         LUT3 (Prop_lut3_I2_O)        0.045     0.821 r  count[0]_i_1/O
                         net (fo=26, routed)          0.237     1.057    count[0]_i_1_n_0
    SLICE_X43Y51         FDRE                                         r  count_reg[12]/R
  -------------------------------------------------------------------    -------------------

                         (clock sys_clk_pin rise edge)
                                                      0.000     0.000 r  
    K17                                               0.000     0.000 r  sys_clk (IN)
                         net (fo=0)                   0.000     0.000    sys_clk
    K17                  IBUF (Prop_ibuf_I_O)         0.447     0.447 r  sys_clk_IBUF_inst/O
                         net (fo=1, routed)           0.683     1.130    sys_clk_IBUF
    BUFGCTRL_X0Y16       BUFG (Prop_bufg_I_O)         0.029     1.159 r  sys_clk_IBUF_BUFG_inst/O
                         net (fo=27, routed)          0.859     2.018    sys_clk_IBUF_BUFG
    SLICE_X43Y51         FDRE                                         r  count_reg[12]/C





