Copyright 1986-2022 Xilinx, Inc. All Rights Reserved. Copyright 2022-2023 Advanced Micro Devices, Inc. All Rights Reserved.
------------------------------------------------------------------------------------------------------------------------------------------------------------------------------------------------------------------------------
| Tool Version : Vivado v.2023.1 (win64) Build 3865809 Sun May  7 15:05:29 MDT 2023
| Date         : Mon Sep  7 10:43:18 2026
| Host         : JC-DellPrem running 64-bit major release  (build 9200)
| Command      : report_timing_summary -max_paths 10 -report_unconstrained -file rgb_led_top_timing_summary_routed.rpt -pb rgb_led_top_timing_summary_routed.pb -rpx rgb_led_top_timing_summary_routed.rpx -warn_on_violation
| Design       : rgb_led_top
| Device       : 7z010-clg400
| Speed File   : -1  PRODUCTION 1.12 2019-11-22
| Design State : Routed
------------------------------------------------------------------------------------------------------------------------------------------------------------------------------------------------------------------------------

Timing Summary Report

------------------------------------------------------------------------------------------------
| Timer Settings
| --------------
------------------------------------------------------------------------------------------------

  Enable Multi Corner Analysis               :  Yes
  Enable Pessimism Removal                   :  Yes
  Pessimism Removal Resolution               :  Nearest Common Node
  Enable Input Delay Default Clock           :  No
  Enable Preset / Clear Arcs                 :  No
  Disable Flight Delays                      :  No
  Ignore I/O Paths                           :  No
  Timing Early Launch at Borrowing Latches   :  No
  Borrow Time for Max Delay Exceptions       :  Yes
  Merge Timing Exceptions                    :  Yes

  Corner  Analyze    Analyze    
  Name    Max Paths  Min Paths  
  ------  ---------  ---------  
  Slow    Yes        Yes        
  Fast    Yes        Yes        


------------------------------------------------------------------------------------------------
| Report Methodology
| ------------------
------------------------------------------------------------------------------------------------

Rule       Severity  Description                    Violations  
---------  --------  -----------------------------  ----------  
TIMING-18  Warning   Missing input or output delay  7           

Note: This report is based on the most recent report_methodology run and may not be up-to-date. Run report_methodology on the current design for the latest report.



check_timing report

Table of Contents
-----------------
1. checking no_clock (0)
2. checking constant_clock (0)
3. checking pulse_width_clock (0)
4. checking unconstrained_internal_endpoints (0)
5. checking no_input_delay (4)
6. checking no_output_delay (3)
7. checking multiple_clock (0)
8. checking generated_clocks (0)
9. checking loops (0)
10. checking partial_input_delay (0)
11. checking partial_output_delay (0)
12. checking latch_loops (0)

1. checking no_clock (0)
------------------------
 There are 0 register/latch pins with no clock.


2. checking constant_clock (0)
------------------------------
 There are 0 register/latch pins with constant_clock.


3. checking pulse_width_clock (0)
---------------------------------
 There are 0 register/latch pins which need pulse_width check


4. checking unconstrained_internal_endpoints (0)
------------------------------------------------
 There are 0 pins that are not constrained for maximum delay.

 There are 0 pins that are not constrained for maximum delay due to constant clock.


5. checking no_input_delay (4)
------------------------------
 There are 4 input ports with no input delay specified. (HIGH)

 There are 0 input ports with no input delay but user has a false path constraint.


6. checking no_output_delay (3)
-------------------------------
 There are 3 ports with no output delay specified. (HIGH)

 There are 0 ports with no output delay but user has a false path constraint

 There are 0 ports with no output delay but with a timing clock defined on it or propagating through it


7. checking multiple_clock (0)
------------------------------
 There are 0 register/latch pins with multiple clocks.


8. checking generated_clocks (0)
--------------------------------
 There are 0 generated clocks that are not connected to a clock source.


9. checking loops (0)
---------------------
 There are 0 combinational loops in the design.


10. checking partial_input_delay (0)
------------------------------------
 There are 0 input ports with partial input delay specified.


11. checking partial_output_delay (0)
-------------------------------------
 There are 0 ports with partial output delay specified.


12. checking latch_loops (0)
----------------------------
 There are 0 combinational latch loops in the design through latch input



------------------------------------------------------------------------------------------------
| Design Timing Summary
| ---------------------
------------------------------------------------------------------------------------------------

    WNS(ns)      TNS(ns)  TNS Failing Endpoints  TNS Total Endpoints      WHS(ns)      THS(ns)  THS Failing Endpoints  THS Total Endpoints     WPWS(ns)     TPWS(ns)  TPWS Failing Endpoints  TPWS Total Endpoints  
    -------      -------  ---------------------  -------------------      -------      -------  ---------------------  -------------------     --------     --------  ----------------------  --------------------  
      1.811        0.000                      0                  159        0.261        0.000                      0                  159        3.500        0.000                       0                    82  


All user specified timing constraints are met.


------------------------------------------------------------------------------------------------
| Clock Summary
| -------------
------------------------------------------------------------------------------------------------

Clock        Waveform(ns)         Period(ns)      Frequency(MHz)
-----        ------------         ----------      --------------
sys_clk_pin  {0.000 4.000}        8.000           125.000         


------------------------------------------------------------------------------------------------
| Intra Clock Table
| -----------------
------------------------------------------------------------------------------------------------

Clock             WNS(ns)      TNS(ns)  TNS Failing Endpoints  TNS Total Endpoints      WHS(ns)      THS(ns)  THS Failing Endpoints  THS Total Endpoints     WPWS(ns)     TPWS(ns)  TPWS Failing Endpoints  TPWS Total Endpoints  
-----             -------      -------  ---------------------  -------------------      -------      -------  ---------------------  -------------------     --------     --------  ----------------------  --------------------  
sys_clk_pin         1.811        0.000                      0                  159        0.261        0.000                      0                  159        3.500        0.000                       0                    82  


------------------------------------------------------------------------------------------------
| Inter Clock Table
| -----------------
------------------------------------------------------------------------------------------------

From Clock    To Clock          WNS(ns)      TNS(ns)  TNS Failing Endpoints  TNS Total Endpoints      WHS(ns)      THS(ns)  THS Failing Endpoints  THS Total Endpoints  
----------    --------          -------      -------  ---------------------  -------------------      -------      -------  ---------------------  -------------------  


------------------------------------------------------------------------------------------------
| Other Path Groups Table
| -----------------------
------------------------------------------------------------------------------------------------

Path Group    From Clock    To Clock          WNS(ns)      TNS(ns)  TNS Failing Endpoints  TNS Total Endpoints      WHS(ns)      THS(ns)  THS Failing Endpoints  THS Total Endpoints  
----------    ----------    --------          -------      -------  ---------------------  -------------------      -------      -------  ---------------------  -------------------  


------------------------------------------------------------------------------------------------
| User Ignored Path Table
| -----------------------
------------------------------------------------------------------------------------------------

Path Group    From Clock    To Clock    
----------    ----------    --------    


------------------------------------------------------------------------------------------------
| Unconstrained Path Table
| ------------------------
------------------------------------------------------------------------------------------------

Path Group    From Clock    To Clock    
----------    ----------    --------    
(none)        sys_clk_pin                 
(none)                      sys_clk_pin   


------------------------------------------------------------------------------------------------
| Timing Details
| --------------
------------------------------------------------------------------------------------------------


---------------------------------------------------------------------------------------------------
From Clock:  sys_clk_pin
  To Clock:  sys_clk_pin

Setup :            0  Failing Endpoints,  Worst Slack        1.811ns,  Total Violation        0.000ns
Hold  :            0  Failing Endpoints,  Worst Slack        0.261ns,  Total Violation        0.000ns
PW    :            0  Failing Endpoints,  Worst Slack        3.500ns,  Total Violation        0.000ns
---------------------------------------------------------------------------------------------------


Max Delay Paths
--------------------------------------------------------------------------------------
Slack (MET) :             1.811ns  (required time - arrival time)
  Source:                 Red/count_reg[2]/C
                            (rising edge-triggered cell FDRE clocked by sys_clk_pin  {rise@0.000ns fall@4.000ns period=8.000ns})
  Destination:            Red/count_reg[10]/R
                            (rising edge-triggered cell FDRE clocked by sys_clk_pin  {rise@0.000ns fall@4.000ns period=8.000ns})
  Path Group:             sys_clk_pin
  Path Type:              Setup (Max at Slow Process Corner)
  Requirement:            8.000ns  (sys_clk_pin rise@8.000ns - sys_clk_pin rise@0.000ns)
  Data Path Delay:        5.698ns  (logic 1.076ns (18.883%)  route 4.622ns (81.117%))
  Logic Levels:           5  (LUT5=1 LUT6=4)
  Clock Path Skew:        -0.026ns (DCD - SCD + CPR)
    Destination Clock Delay (DCD):    4.969ns = ( 12.969 - 8.000 ) 
    Source Clock Delay      (SCD):    5.424ns
    Clock Pessimism Removal (CPR):    0.429ns
  Clock Uncertainty:      0.035ns  ((TSJ^2 + TIJ^2)^1/2 + DJ) / 2 + PE
    Total System Jitter     (TSJ):    0.071ns
    Total Input Jitter      (TIJ):    0.000ns
    Discrete Jitter          (DJ):    0.000ns
    Phase Error              (PE):    0.000ns

    Location             Delay type                Incr(ns)  Path(ns)    Netlist Resource(s)
  -------------------------------------------------------------------    -------------------
                         (clock sys_clk_pin rise edge)
                                                      0.000     0.000 r  
    K17                                               0.000     0.000 r  sys_clk (IN)
                         net (fo=0)                   0.000     0.000    sys_clk
    K17                  IBUF (Prop_ibuf_I_O)         1.492     1.492 r  sys_clk_IBUF_inst/O
                         net (fo=1, routed)           2.076     3.568    sys_clk_IBUF
    BUFGCTRL_X0Y16       BUFG (Prop_bufg_I_O)         0.101     3.669 r  sys_clk_IBUF_BUFG_inst/O
                         net (fo=81, routed)          1.755     5.424    Red/sys_clk_IBUF_BUFG
    SLICE_X43Y9          FDRE                                         r  Red/count_reg[2]/C
  -------------------------------------------------------------------    -------------------
    SLICE_X43Y9          FDRE (Prop_fdre_C_Q)         0.456     5.880 r  Red/count_reg[2]/Q
                         net (fo=2, routed)           0.862     6.742    Red/count_reg[2]
    SLICE_X42Y9          LUT6 (Prop_lut6_I2_O)        0.124     6.866 r  Red/count[0]_i_10/O
                         net (fo=1, routed)           0.418     7.283    Red/count[0]_i_10_n_0
    SLICE_X42Y11         LUT6 (Prop_lut6_I3_O)        0.124     7.407 r  Red/count[0]_i_8/O
                         net (fo=1, routed)           0.417     7.825    Red/count[0]_i_8_n_0
    SLICE_X42Y12         LUT6 (Prop_lut6_I4_O)        0.124     7.949 r  Red/count[0]_i_7/O
                         net (fo=1, routed)           0.417     8.366    Red/count[0]_i_7_n_0
    SLICE_X42Y13         LUT6 (Prop_lut6_I4_O)        0.124     8.490 r  Red/count[0]_i_3/O
                         net (fo=2, routed)           1.150     9.641    Red/count[0]_i_3_n_0
    SLICE_X42Y30         LUT5 (Prop_lut5_I0_O)        0.124     9.765 r  Red/count[0]_i_1/O
                         net (fo=26, routed)          1.357    11.122    Red/count[0]_i_1_n_0
    SLICE_X43Y11         FDRE                                         r  Red/count_reg[10]/R
  -------------------------------------------------------------------    -------------------

                         (clock sys_clk_pin rise edge)
                                                      8.000     8.000 r  
    K17                                               0.000     8.000 r  sys_clk (IN)
                         net (fo=0)                   0.000     8.000    sys_clk
    K17                  IBUF (Prop_ibuf_I_O)         1.421     9.421 r  sys_clk_IBUF_inst/O
                         net (fo=1, routed)           1.880    11.301    sys_clk_IBUF
    BUFGCTRL_X0Y16       BUFG (Prop_bufg_I_O)         0.091    11.392 r  sys_clk_IBUF_BUFG_inst/O
                         net (fo=81, routed)          1.576    12.968    Red/sys_clk_IBUF_BUFG
    SLICE_X43Y11         FDRE                                         r  Red/count_reg[10]/C
                         clock pessimism              0.429    13.398    
                         clock uncertainty           -0.035    13.362    
    SLICE_X43Y11         FDRE (Setup_fdre_C_R)       -0.429    12.933    Red/count_reg[10]
  -------------------------------------------------------------------
                         required time                         12.933    
                         arrival time                         -11.122    
  -------------------------------------------------------------------
                         slack                                  1.811    

Slack (MET) :             1.811ns  (required time - arrival time)
  Source:                 Red/count_reg[2]/C
                            (rising edge-triggered cell FDRE clocked by sys_clk_pin  {rise@0.000ns fall@4.000ns period=8.000ns})
  Destination:            Red/count_reg[11]/R
                            (rising edge-triggered cell FDRE clocked by sys_clk_pin  {rise@0.000ns fall@4.000ns period=8.000ns})
  Path Group:             sys_clk_pin
  Path Type:              Setup (Max at Slow Process Corner)
  Requirement:            8.000ns  (sys_clk_pin rise@8.000ns - sys_clk_pin rise@0.000ns)
  Data Path Delay:        5.698ns  (logic 1.076ns (18.883%)  route 4.622ns (81.117%))
  Logic Levels:           5  (LUT5=1 LUT6=4)
  Clock Path Skew:        -0.026ns (DCD - SCD + CPR)
    Destination Clock Delay (DCD):    4.969ns = ( 12.969 - 8.000 ) 
    Source Clock Delay      (SCD):    5.424ns
    Clock Pessimism Removal (CPR):    0.429ns
  Clock Uncertainty:      0.035ns  ((TSJ^2 + TIJ^2)^1/2 + DJ) / 2 + PE
    Total System Jitter     (TSJ):    0.071ns
    Total Input Jitter      (TIJ):    0.000ns
    Discrete Jitter          (DJ):    0.000ns
    Phase Error              (PE):    0.000ns

    Location             Delay type                Incr(ns)  Path(ns)    Netlist Resource(s)
  -------------------------------------------------------------------    -------------------
                         (clock sys_clk_pin rise edge)
                                                      0.000     0.000 r  
    K17                                               0.000     0.000 r  sys_clk (IN)
                         net (fo=0)                   0.000     0.000    sys_clk
    K17                  IBUF (Prop_ibuf_I_O)         1.492     1.492 r  sys_clk_IBUF_inst/O
                         net (fo=1, routed)           2.076     3.568    sys_clk_IBUF
    BUFGCTRL_X0Y16       BUFG (Prop_bufg_I_O)         0.101     3.669 r  sys_clk_IBUF_BUFG_inst/O
                         net (fo=81, routed)          1.755     5.424    Red/sys_clk_IBUF_BUFG
    SLICE_X43Y9          FDRE                                         r  Red/count_reg[2]/C
  -------------------------------------------------------------------    -------------------
    SLICE_X43Y9          FDRE (Prop_fdre_C_Q)         0.456     5.880 r  Red/count_reg[2]/Q
                         net (fo=2, routed)           0.862     6.742    Red/count_reg[2]
    SLICE_X42Y9          LUT6 (Prop_lut6_I2_O)        0.124     6.866 r  Red/count[0]_i_10/O
                         net (fo=1, routed)           0.418     7.283    Red/count[0]_i_10_n_0
    SLICE_X42Y11         LUT6 (Prop_lut6_I3_O)        0.124     7.407 r  Red/count[0]_i_8/O
                         net (fo=1, routed)           0.417     7.825    Red/count[0]_i_8_n_0
    SLICE_X42Y12         LUT6 (Prop_lut6_I4_O)        0.124     7.949 r  Red/count[0]_i_7/O
                         net (fo=1, routed)           0.417     8.366    Red/count[0]_i_7_n_0
    SLICE_X42Y13         LUT6 (Prop_lut6_I4_O)        0.124     8.490 r  Red/count[0]_i_3/O
                         net (fo=2, routed)           1.150     9.641    Red/count[0]_i_3_n_0
    SLICE_X42Y30         LUT5 (Prop_lut5_I0_O)        0.124     9.765 r  Red/count[0]_i_1/O
                         net (fo=26, routed)          1.357    11.122    Red/count[0]_i_1_n_0
    SLICE_X43Y11         FDRE                                         r  Red/count_reg[11]/R
  -------------------------------------------------------------------    -------------------

                         (clock sys_clk_pin rise edge)
                                                      8.000     8.000 r  
    K17                                               0.000     8.000 r  sys_clk (IN)
                         net (fo=0)                   0.000     8.000    sys_clk
    K17                  IBUF (Prop_ibuf_I_O)         1.421     9.421 r  sys_clk_IBUF_inst/O
                         net (fo=1, routed)           1.880    11.301    sys_clk_IBUF
    BUFGCTRL_X0Y16       BUFG (Prop_bufg_I_O)         0.091    11.392 r  sys_clk_IBUF_BUFG_inst/O
                         net (fo=81, routed)          1.576    12.968    Red/sys_clk_IBUF_BUFG
    SLICE_X43Y11         FDRE                                         r  Red/count_reg[11]/C
                         clock pessimism              0.429    13.398    
                         clock uncertainty           -0.035    13.362    
    SLICE_X43Y11         FDRE (Setup_fdre_C_R)       -0.429    12.933    Red/count_reg[11]
  -------------------------------------------------------------------
                         required time                         12.933    
                         arrival time                         -11.122    
  -------------------------------------------------------------------
                         slack                                  1.811    

Slack (MET) :             1.811ns  (required time - arrival time)
  Source:                 Red/count_reg[2]/C
                            (rising edge-triggered cell FDRE clocked by sys_clk_pin  {rise@0.000ns fall@4.000ns period=8.000ns})
  Destination:            Red/count_reg[8]/R
                            (rising edge-triggered cell FDRE clocked by sys_clk_pin  {rise@0.000ns fall@4.000ns period=8.000ns})
  Path Group:             sys_clk_pin
  Path Type:              Setup (Max at Slow Process Corner)
  Requirement:            8.000ns  (sys_clk_pin rise@8.000ns - sys_clk_pin rise@0.000ns)
  Data Path Delay:        5.698ns  (logic 1.076ns (18.883%)  route 4.622ns (81.117%))
  Logic Levels:           5  (LUT5=1 LUT6=4)
  Clock Path Skew:        -0.026ns (DCD - SCD + CPR)
    Destination Clock Delay (DCD):    4.969ns = ( 12.969 - 8.000 ) 
    Source Clock Delay      (SCD):    5.424ns
    Clock Pessimism Removal (CPR):    0.429ns
  Clock Uncertainty:      0.035ns  ((TSJ^2 + TIJ^2)^1/2 + DJ) / 2 + PE
    Total System Jitter     (TSJ):    0.071ns
    Total Input Jitter      (TIJ):    0.000ns
    Discrete Jitter          (DJ):    0.000ns
    Phase Error              (PE):    0.000ns

    Location             Delay type                Incr(ns)  Path(ns)    Netlist Resource(s)
  -------------------------------------------------------------------    -------------------
                         (clock sys_clk_pin rise edge)
                                                      0.000     0.000 r  
    K17                                               0.000     0.000 r  sys_clk (IN)
                         net (fo=0)                   0.000     0.000    sys_clk
    K17                  IBUF (Prop_ibuf_I_O)         1.492     1.492 r  sys_clk_IBUF_inst/O
                         net (fo=1, routed)           2.076     3.568    sys_clk_IBUF
    BUFGCTRL_X0Y16       BUFG (Prop_bufg_I_O)         0.101     3.669 r  sys_clk_IBUF_BUFG_inst/O
                         net (fo=81, routed)          1.755     5.424    Red/sys_clk_IBUF_BUFG
    SLICE_X43Y9          FDRE                                         r  Red/count_reg[2]/C
  -------------------------------------------------------------------    -------------------
    SLICE_X43Y9          FDRE (Prop_fdre_C_Q)         0.456     5.880 r  Red/count_reg[2]/Q
                         net (fo=2, routed)           0.862     6.742    Red/count_reg[2]
    SLICE_X42Y9          LUT6 (Prop_lut6_I2_O)        0.124     6.866 r  Red/count[0]_i_10/O
                         net (fo=1, routed)           0.418     7.283    Red/count[0]_i_10_n_0
    SLICE_X42Y11         LUT6 (Prop_lut6_I3_O)        0.124     7.407 r  Red/count[0]_i_8/O
                         net (fo=1, routed)           0.417     7.825    Red/count[0]_i_8_n_0
    SLICE_X42Y12         LUT6 (Prop_lut6_I4_O)        0.124     7.949 r  Red/count[0]_i_7/O
                         net (fo=1, routed)           0.417     8.366    Red/count[0]_i_7_n_0
    SLICE_X42Y13         LUT6 (Prop_lut6_I4_O)        0.124     8.490 r  Red/count[0]_i_3/O
                         net (fo=2, routed)           1.150     9.641    Red/count[0]_i_3_n_0
    SLICE_X42Y30         LUT5 (Prop_lut5_I0_O)        0.124     9.765 r  Red/count[0]_i_1/O
                         net (fo=26, routed)          1.357    11.122    Red/count[0]_i_1_n_0
    SLICE_X43Y11         FDRE                                         r  Red/count_reg[8]/R
  -------------------------------------------------------------------    -------------------

                         (clock sys_clk_pin rise edge)
                                                      8.000     8.000 r  
    K17                                               0.000     8.000 r  sys_clk (IN)
                         net (fo=0)                   0.000     8.000    sys_clk
    K17                  IBUF (Prop_ibuf_I_O)         1.421     9.421 r  sys_clk_IBUF_inst/O
                         net (fo=1, routed)           1.880    11.301    sys_clk_IBUF
    BUFGCTRL_X0Y16       BUFG (Prop_bufg_I_O)         0.091    11.392 r  sys_clk_IBUF_BUFG_inst/O
                         net (fo=81, routed)          1.576    12.968    Red/sys_clk_IBUF_BUFG
    SLICE_X43Y11         FDRE                                         r  Red/count_reg[8]/C
                         clock pessimism              0.429    13.398    
                         clock uncertainty           -0.035    13.362    
    SLICE_X43Y11         FDRE (Setup_fdre_C_R)       -0.429    12.933    Red/count_reg[8]
  -------------------------------------------------------------------
                         required time                         12.933    
                         arrival time                         -11.122    
  -------------------------------------------------------------------
                         slack                                  1.811    

Slack (MET) :             1.811ns  (required time - arrival time)
  Source:                 Red/count_reg[2]/C
                            (rising edge-triggered cell FDRE clocked by sys_clk_pin  {rise@0.000ns fall@4.000ns period=8.000ns})
  Destination:            Red/count_reg[9]/R
                            (rising edge-triggered cell FDRE clocked by sys_clk_pin  {rise@0.000ns fall@4.000ns period=8.000ns})
  Path Group:             sys_clk_pin
  Path Type:              Setup (Max at Slow Process Corner)
  Requirement:            8.000ns  (sys_clk_pin rise@8.000ns - sys_clk_pin rise@0.000ns)
  Data Path Delay:        5.698ns  (logic 1.076ns (18.883%)  route 4.622ns (81.117%))
  Logic Levels:           5  (LUT5=1 LUT6=4)
  Clock Path Skew:        -0.026ns (DCD - SCD + CPR)
    Destination Clock Delay (DCD):    4.969ns = ( 12.969 - 8.000 ) 
    Source Clock Delay      (SCD):    5.424ns
    Clock Pessimism Removal (CPR):    0.429ns
  Clock Uncertainty:      0.035ns  ((TSJ^2 + TIJ^2)^1/2 + DJ) / 2 + PE
    Total System Jitter     (TSJ):    0.071ns
    Total Input Jitter      (TIJ):    0.000ns
    Discrete Jitter          (DJ):    0.000ns
    Phase Error              (PE):    0.000ns

    Location             Delay type                Incr(ns)  Path(ns)    Netlist Resource(s)
  -------------------------------------------------------------------    -------------------
                         (clock sys_clk_pin rise edge)
                                                      0.000     0.000 r  
    K17                                               0.000     0.000 r  sys_clk (IN)
                         net (fo=0)                   0.000     0.000    sys_clk
    K17                  IBUF (Prop_ibuf_I_O)         1.492     1.492 r  sys_clk_IBUF_inst/O
                         net (fo=1, routed)           2.076     3.568    sys_clk_IBUF
    BUFGCTRL_X0Y16       BUFG (Prop_bufg_I_O)         0.101     3.669 r  sys_clk_IBUF_BUFG_inst/O
                         net (fo=81, routed)          1.755     5.424    Red/sys_clk_IBUF_BUFG
    SLICE_X43Y9          FDRE                                         r  Red/count_reg[2]/C
  -------------------------------------------------------------------    -------------------
    SLICE_X43Y9          FDRE (Prop_fdre_C_Q)         0.456     5.880 r  Red/count_reg[2]/Q
                         net (fo=2, routed)           0.862     6.742    Red/count_reg[2]
    SLICE_X42Y9          LUT6 (Prop_lut6_I2_O)        0.124     6.866 r  Red/count[0]_i_10/O
                         net (fo=1, routed)           0.418     7.283    Red/count[0]_i_10_n_0
    SLICE_X42Y11         LUT6 (Prop_lut6_I3_O)        0.124     7.407 r  Red/count[0]_i_8/O
                         net (fo=1, routed)           0.417     7.825    Red/count[0]_i_8_n_0
    SLICE_X42Y12         LUT6 (Prop_lut6_I4_O)        0.124     7.949 r  Red/count[0]_i_7/O
                         net (fo=1, routed)           0.417     8.366    Red/count[0]_i_7_n_0
    SLICE_X42Y13         LUT6 (Prop_lut6_I4_O)        0.124     8.490 r  Red/count[0]_i_3/O
                         net (fo=2, routed)           1.150     9.641    Red/count[0]_i_3_n_0
    SLICE_X42Y30         LUT5 (Prop_lut5_I0_O)        0.124     9.765 r  Red/count[0]_i_1/O
                         net (fo=26, routed)          1.357    11.122    Red/count[0]_i_1_n_0
    SLICE_X43Y11         FDRE                                         r  Red/count_reg[9]/R
  -------------------------------------------------------------------    -------------------

                         (clock sys_clk_pin rise edge)
                                                      8.000     8.000 r  
    K17                                               0.000     8.000 r  sys_clk (IN)
                         net (fo=0)                   0.000     8.000    sys_clk
    K17                  IBUF (Prop_ibuf_I_O)         1.421     9.421 r  sys_clk_IBUF_inst/O
                         net (fo=1, routed)           1.880    11.301    sys_clk_IBUF
    BUFGCTRL_X0Y16       BUFG (Prop_bufg_I_O)         0.091    11.392 r  sys_clk_IBUF_BUFG_inst/O
                         net (fo=81, routed)          1.576    12.968    Red/sys_clk_IBUF_BUFG
    SLICE_X43Y11         FDRE                                         r  Red/count_reg[9]/C
                         clock pessimism              0.429    13.398    
                         clock uncertainty           -0.035    13.362    
    SLICE_X43Y11         FDRE (Setup_fdre_C_R)       -0.429    12.933    Red/count_reg[9]
  -------------------------------------------------------------------
                         required time                         12.933    
                         arrival time                         -11.122    
  -------------------------------------------------------------------
                         slack                                  1.811    

Slack (MET) :             1.952ns  (required time - arrival time)
  Source:                 Red/count_reg[2]/C
                            (rising edge-triggered cell FDRE clocked by sys_clk_pin  {rise@0.000ns fall@4.000ns period=8.000ns})
  Destination:            Red/count_reg[0]/R
                            (rising edge-triggered cell FDRE clocked by sys_clk_pin  {rise@0.000ns fall@4.000ns period=8.000ns})
  Path Group:             sys_clk_pin
  Path Type:              Setup (Max at Slow Process Corner)
  Requirement:            8.000ns  (sys_clk_pin rise@8.000ns - sys_clk_pin rise@0.000ns)
  Data Path Delay:        5.584ns  (logic 1.076ns (19.270%)  route 4.508ns (80.730%))
  Logic Levels:           5  (LUT5=1 LUT6=4)
  Clock Path Skew:        0.000ns (DCD - SCD + CPR)
    Destination Clock Delay (DCD):    4.970ns = ( 12.970 - 8.000 ) 
    Source Clock Delay      (SCD):    5.424ns
    Clock Pessimism Removal (CPR):    0.454ns
  Clock Uncertainty:      0.035ns  ((TSJ^2 + TIJ^2)^1/2 + DJ) / 2 + PE
    Total System Jitter     (TSJ):    0.071ns
    Total Input Jitter      (TIJ):    0.000ns
    Discrete Jitter          (DJ):    0.000ns
    Phase Error              (PE):    0.000ns

    Location             Delay type                Incr(ns)  Path(ns)    Netlist Resource(s)
  -------------------------------------------------------------------    -------------------
                         (clock sys_clk_pin rise edge)
                                                      0.000     0.000 r  
    K17                                               0.000     0.000 r  sys_clk (IN)
                         net (fo=0)                   0.000     0.000    sys_clk
    K17                  IBUF (Prop_ibuf_I_O)         1.492     1.492 r  sys_clk_IBUF_inst/O
                         net (fo=1, routed)           2.076     3.568    sys_clk_IBUF
    BUFGCTRL_X0Y16       BUFG (Prop_bufg_I_O)         0.101     3.669 r  sys_clk_IBUF_BUFG_inst/O
                         net (fo=81, routed)          1.755     5.424    Red/sys_clk_IBUF_BUFG
    SLICE_X43Y9          FDRE                                         r  Red/count_reg[2]/C
  -------------------------------------------------------------------    -------------------
    SLICE_X43Y9          FDRE (Prop_fdre_C_Q)         0.456     5.880 r  Red/count_reg[2]/Q
                         net (fo=2, routed)           0.862     6.742    Red/count_reg[2]
    SLICE_X42Y9          LUT6 (Prop_lut6_I2_O)        0.124     6.866 r  Red/count[0]_i_10/O
                         net (fo=1, routed)           0.418     7.283    Red/count[0]_i_10_n_0
    SLICE_X42Y11         LUT6 (Prop_lut6_I3_O)        0.124     7.407 r  Red/count[0]_i_8/O
                         net (fo=1, routed)           0.417     7.825    Red/count[0]_i_8_n_0
    SLICE_X42Y12         LUT6 (Prop_lut6_I4_O)        0.124     7.949 r  Red/count[0]_i_7/O
                         net (fo=1, routed)           0.417     8.366    Red/count[0]_i_7_n_0
    SLICE_X42Y13         LUT6 (Prop_lut6_I4_O)        0.124     8.490 r  Red/count[0]_i_3/O
                         net (fo=2, routed)           1.150     9.641    Red/count[0]_i_3_n_0
    SLICE_X42Y30         LUT5 (Prop_lut5_I0_O)        0.124     9.765 r  Red/count[0]_i_1/O
                         net (fo=26, routed)          1.243    11.008    Red/count[0]_i_1_n_0
    SLICE_X43Y9          FDRE                                         r  Red/count_reg[0]/R
  -------------------------------------------------------------------    -------------------

                         (clock sys_clk_pin rise edge)
                                                      8.000     8.000 r  
    K17                                               0.000     8.000 r  sys_clk (IN)
                         net (fo=0)                   0.000     8.000    sys_clk
    K17                  IBUF (Prop_ibuf_I_O)         1.421     9.421 r  sys_clk_IBUF_inst/O
                         net (fo=1, routed)           1.880    11.301    sys_clk_IBUF
    BUFGCTRL_X0Y16       BUFG (Prop_bufg_I_O)         0.091    11.392 r  sys_clk_IBUF_BUFG_inst/O
                         net (fo=81, routed)          1.577    12.969    Red/sys_clk_IBUF_BUFG
    SLICE_X43Y9          FDRE                                         r  Red/count_reg[0]/C
                         clock pessimism              0.454    13.424    
                         clock uncertainty           -0.035    13.388    
    SLICE_X43Y9          FDRE (Setup_fdre_C_R)       -0.429    12.959    Red/count_reg[0]
  -------------------------------------------------------------------
                         required time                         12.959    
                         arrival time                         -11.008    
  -------------------------------------------------------------------
                         slack                                  1.952    

Slack (MET) :             1.952ns  (required time - arrival time)
  Source:                 Red/count_reg[2]/C
                            (rising edge-triggered cell FDRE clocked by sys_clk_pin  {rise@0.000ns fall@4.000ns period=8.000ns})
  Destination:            Red/count_reg[1]/R
                            (rising edge-triggered cell FDRE clocked by sys_clk_pin  {rise@0.000ns fall@4.000ns period=8.000ns})
  Path Group:             sys_clk_pin
  Path Type:              Setup (Max at Slow Process Corner)
  Requirement:            8.000ns  (sys_clk_pin rise@8.000ns - sys_clk_pin rise@0.000ns)
  Data Path Delay:        5.584ns  (logic 1.076ns (19.270%)  route 4.508ns (80.730%))
  Logic Levels:           5  (LUT5=1 LUT6=4)
  Clock Path Skew:        0.000ns (DCD - SCD + CPR)
    Destination Clock Delay (DCD):    4.970ns = ( 12.970 - 8.000 ) 
    Source Clock Delay      (SCD):    5.424ns
    Clock Pessimism Removal (CPR):    0.454ns
  Clock Uncertainty:      0.035ns  ((TSJ^2 + TIJ^2)^1/2 + DJ) / 2 + PE
    Total System Jitter     (TSJ):    0.071ns
    Total Input Jitter      (TIJ):    0.000ns
    Discrete Jitter          (DJ):    0.000ns
    Phase Error              (PE):    0.000ns

    Location             Delay type                Incr(ns)  Path(ns)    Netlist Resource(s)
  -------------------------------------------------------------------    -------------------
                         (clock sys_clk_pin rise edge)
                                                      0.000     0.000 r  
    K17                                               0.000     0.000 r  sys_clk (IN)
                         net (fo=0)                   0.000     0.000    sys_clk
    K17                  IBUF (Prop_ibuf_I_O)         1.492     1.492 r  sys_clk_IBUF_inst/O
                         net (fo=1, routed)           2.076     3.568    sys_clk_IBUF
    BUFGCTRL_X0Y16       BUFG (Prop_bufg_I_O)         0.101     3.669 r  sys_clk_IBUF_BUFG_inst/O
                         net (fo=81, routed)          1.755     5.424    Red/sys_clk_IBUF_BUFG
    SLICE_X43Y9          FDRE                                         r  Red/count_reg[2]/C
  -------------------------------------------------------------------    -------------------
    SLICE_X43Y9          FDRE (Prop_fdre_C_Q)         0.456     5.880 r  Red/count_reg[2]/Q
                         net (fo=2, routed)           0.862     6.742    Red/count_reg[2]
    SLICE_X42Y9          LUT6 (Prop_lut6_I2_O)        0.124     6.866 r  Red/count[0]_i_10/O
                         net (fo=1, routed)           0.418     7.283    Red/count[0]_i_10_n_0
    SLICE_X42Y11         LUT6 (Prop_lut6_I3_O)        0.124     7.407 r  Red/count[0]_i_8/O
                         net (fo=1, routed)           0.417     7.825    Red/count[0]_i_8_n_0
    SLICE_X42Y12         LUT6 (Prop_lut6_I4_O)        0.124     7.949 r  Red/count[0]_i_7/O
                         net (fo=1, routed)           0.417     8.366    Red/count[0]_i_7_n_0
    SLICE_X42Y13         LUT6 (Prop_lut6_I4_O)        0.124     8.490 r  Red/count[0]_i_3/O
                         net (fo=2, routed)           1.150     9.641    Red/count[0]_i_3_n_0
    SLICE_X42Y30         LUT5 (Prop_lut5_I0_O)        0.124     9.765 r  Red/count[0]_i_1/O
                         net (fo=26, routed)          1.243    11.008    Red/count[0]_i_1_n_0
    SLICE_X43Y9          FDRE                                         r  Red/count_reg[1]/R
  -------------------------------------------------------------------    -------------------

                         (clock sys_clk_pin rise edge)
                                                      8.000     8.000 r  
    K17                                               0.000     8.000 r  sys_clk (IN)
                         net (fo=0)                   0.000     8.000    sys_clk
    K17                  IBUF (Prop_ibuf_I_O)         1.421     9.421 r  sys_clk_IBUF_inst/O
                         net (fo=1, routed)           1.880    11.301    sys_clk_IBUF
    BUFGCTRL_X0Y16       BUFG (Prop_bufg_I_O)         0.091    11.392 r  sys_clk_IBUF_BUFG_inst/O
                         net (fo=81, routed)          1.577    12.969    Red/sys_clk_IBUF_BUFG
    SLICE_X43Y9          FDRE                                         r  Red/count_reg[1]/C
                         clock pessimism              0.454    13.424    
                         clock uncertainty           -0.035    13.388    
    SLICE_X43Y9          FDRE (Setup_fdre_C_R)       -0.429    12.959    Red/count_reg[1]
  -------------------------------------------------------------------
                         required time                         12.959    
                         arrival time                         -11.008    
  -------------------------------------------------------------------
                         slack                                  1.952    

Slack (MET) :             1.952ns  (required time - arrival time)
  Source:                 Red/count_reg[2]/C
                            (rising edge-triggered cell FDRE clocked by sys_clk_pin  {rise@0.000ns fall@4.000ns period=8.000ns})
  Destination:            Red/count_reg[2]/R
                            (rising edge-triggered cell FDRE clocked by sys_clk_pin  {rise@0.000ns fall@4.000ns period=8.000ns})
  Path Group:             sys_clk_pin
  Path Type:              Setup (Max at Slow Process Corner)
  Requirement:            8.000ns  (sys_clk_pin rise@8.000ns - sys_clk_pin rise@0.000ns)
  Data Path Delay:        5.584ns  (logic 1.076ns (19.270%)  route 4.508ns (80.730%))
  Logic Levels:           5  (LUT5=1 LUT6=4)
  Clock Path Skew:        0.000ns (DCD - SCD + CPR)
    Destination Clock Delay (DCD):    4.970ns = ( 12.970 - 8.000 ) 
    Source Clock Delay      (SCD):    5.424ns
    Clock Pessimism Removal (CPR):    0.454ns
  Clock Uncertainty:      0.035ns  ((TSJ^2 + TIJ^2)^1/2 + DJ) / 2 + PE
    Total System Jitter     (TSJ):    0.071ns
    Total Input Jitter      (TIJ):    0.000ns
    Discrete Jitter          (DJ):    0.000ns
    Phase Error              (PE):    0.000ns

    Location             Delay type                Incr(ns)  Path(ns)    Netlist Resource(s)
  -------------------------------------------------------------------    -------------------
                         (clock sys_clk_pin rise edge)
                                                      0.000     0.000 r  
    K17                                               0.000     0.000 r  sys_clk (IN)
                         net (fo=0)                   0.000     0.000    sys_clk
    K17                  IBUF (Prop_ibuf_I_O)         1.492     1.492 r  sys_clk_IBUF_inst/O
                         net (fo=1, routed)           2.076     3.568    sys_clk_IBUF
    BUFGCTRL_X0Y16       BUFG (Prop_bufg_I_O)         0.101     3.669 r  sys_clk_IBUF_BUFG_inst/O
                         net (fo=81, routed)          1.755     5.424    Red/sys_clk_IBUF_BUFG
    SLICE_X43Y9          FDRE                                         r  Red/count_reg[2]/C
  -------------------------------------------------------------------    -------------------
    SLICE_X43Y9          FDRE (Prop_fdre_C_Q)         0.456     5.880 r  Red/count_reg[2]/Q
                         net (fo=2, routed)           0.862     6.742    Red/count_reg[2]
    SLICE_X42Y9          LUT6 (Prop_lut6_I2_O)        0.124     6.866 r  Red/count[0]_i_10/O
                         net (fo=1, routed)           0.418     7.283    Red/count[0]_i_10_n_0
    SLICE_X42Y11         LUT6 (Prop_lut6_I3_O)        0.124     7.407 r  Red/count[0]_i_8/O
                         net (fo=1, routed)           0.417     7.825    Red/count[0]_i_8_n_0
    SLICE_X42Y12         LUT6 (Prop_lut6_I4_O)        0.124     7.949 r  Red/count[0]_i_7/O
                         net (fo=1, routed)           0.417     8.366    Red/count[0]_i_7_n_0
    SLICE_X42Y13         LUT6 (Prop_lut6_I4_O)        0.124     8.490 r  Red/count[0]_i_3/O
                         net (fo=2, routed)           1.150     9.641    Red/count[0]_i_3_n_0
    SLICE_X42Y30         LUT5 (Prop_lut5_I0_O)        0.124     9.765 r  Red/count[0]_i_1/O
                         net (fo=26, routed)          1.243    11.008    Red/count[0]_i_1_n_0
    SLICE_X43Y9          FDRE                                         r  Red/count_reg[2]/R
  -------------------------------------------------------------------    -------------------

                         (clock sys_clk_pin rise edge)
                                                      8.000     8.000 r  
    K17                                               0.000     8.000 r  sys_clk (IN)
                         net (fo=0)                   0.000     8.000    sys_clk
    K17                  IBUF (Prop_ibuf_I_O)         1.421     9.421 r  sys_clk_IBUF_inst/O
                         net (fo=1, routed)           1.880    11.301    sys_clk_IBUF
    BUFGCTRL_X0Y16       BUFG (Prop_bufg_I_O)         0.091    11.392 r  sys_clk_IBUF_BUFG_inst/O
                         net (fo=81, routed)          1.577    12.969    Red/sys_clk_IBUF_BUFG
    SLICE_X43Y9          FDRE                                         r  Red/count_reg[2]/C
                         clock pessimism              0.454    13.424    
                         clock uncertainty           -0.035    13.388    
    SLICE_X43Y9          FDRE (Setup_fdre_C_R)       -0.429    12.959    Red/count_reg[2]
  -------------------------------------------------------------------
                         required time                         12.959    
                         arrival time                         -11.008    
  -------------------------------------------------------------------
                         slack                                  1.952    

Slack (MET) :             1.952ns  (required time - arrival time)
  Source:                 Red/count_reg[2]/C
                            (rising edge-triggered cell FDRE clocked by sys_clk_pin  {rise@0.000ns fall@4.000ns period=8.000ns})
  Destination:            Red/count_reg[3]/R
                            (rising edge-triggered cell FDRE clocked by sys_clk_pin  {rise@0.000ns fall@4.000ns period=8.000ns})
  Path Group:             sys_clk_pin
  Path Type:              Setup (Max at Slow Process Corner)
  Requirement:            8.000ns  (sys_clk_pin rise@8.000ns - sys_clk_pin rise@0.000ns)
  Data Path Delay:        5.584ns  (logic 1.076ns (19.270%)  route 4.508ns (80.730%))
  Logic Levels:           5  (LUT5=1 LUT6=4)
  Clock Path Skew:        0.000ns (DCD - SCD + CPR)
    Destination Clock Delay (DCD):    4.970ns = ( 12.970 - 8.000 ) 
    Source Clock Delay      (SCD):    5.424ns
    Clock Pessimism Removal (CPR):    0.454ns
  Clock Uncertainty:      0.035ns  ((TSJ^2 + TIJ^2)^1/2 + DJ) / 2 + PE
    Total System Jitter     (TSJ):    0.071ns
    Total Input Jitter      (TIJ):    0.000ns
    Discrete Jitter          (DJ):    0.000ns
    Phase Error              (PE):    0.000ns

    Location             Delay type                Incr(ns)  Path(ns)    Netlist Resource(s)
  -------------------------------------------------------------------    -------------------
                         (clock sys_clk_pin rise edge)
                                                      0.000     0.000 r  
    K17                                               0.000     0.000 r  sys_clk (IN)
                         net (fo=0)                   0.000     0.000    sys_clk
    K17                  IBUF (Prop_ibuf_I_O)         1.492     1.492 r  sys_clk_IBUF_inst/O
                         net (fo=1, routed)           2.076     3.568    sys_clk_IBUF
    BUFGCTRL_X0Y16       BUFG (Prop_bufg_I_O)         0.101     3.669 r  sys_clk_IBUF_BUFG_inst/O
                         net (fo=81, routed)          1.755     5.424    Red/sys_clk_IBUF_BUFG
    SLICE_X43Y9          FDRE                                         r  Red/count_reg[2]/C
  -------------------------------------------------------------------    -------------------
    SLICE_X43Y9          FDRE (Prop_fdre_C_Q)         0.456     5.880 r  Red/count_reg[2]/Q
                         net (fo=2, routed)           0.862     6.742    Red/count_reg[2]
    SLICE_X42Y9          LUT6 (Prop_lut6_I2_O)        0.124     6.866 r  Red/count[0]_i_10/O
                         net (fo=1, routed)           0.418     7.283    Red/count[0]_i_10_n_0
    SLICE_X42Y11         LUT6 (Prop_lut6_I3_O)        0.124     7.407 r  Red/count[0]_i_8/O
                         net (fo=1, routed)           0.417     7.825    Red/count[0]_i_8_n_0
    SLICE_X42Y12         LUT6 (Prop_lut6_I4_O)        0.124     7.949 r  Red/count[0]_i_7/O
                         net (fo=1, routed)           0.417     8.366    Red/count[0]_i_7_n_0
    SLICE_X42Y13         LUT6 (Prop_lut6_I4_O)        0.124     8.490 r  Red/count[0]_i_3/O
                         net (fo=2, routed)           1.150     9.641    Red/count[0]_i_3_n_0
    SLICE_X42Y30         LUT5 (Prop_lut5_I0_O)        0.124     9.765 r  Red/count[0]_i_1/O
                         net (fo=26, routed)          1.243    11.008    Red/count[0]_i_1_n_0
    SLICE_X43Y9          FDRE                                         r  Red/count_reg[3]/R
  -------------------------------------------------------------------    -------------------

                         (clock sys_clk_pin rise edge)
                                                      8.000     8.000 r  
    K17                                               0.000     8.000 r  sys_clk (IN)
                         net (fo=0)                   0.000     8.000    sys_clk
    K17                  IBUF (Prop_ibuf_I_O)         1.421     9.421 r  sys_clk_IBUF_inst/O
                         net (fo=1, routed)           1.880    11.301    sys_clk_IBUF
    BUFGCTRL_X0Y16       BUFG (Prop_bufg_I_O)         0.091    11.392 r  sys_clk_IBUF_BUFG_inst/O
                         net (fo=81, routed)          1.577    12.969    Red/sys_clk_IBUF_BUFG
    SLICE_X43Y9          FDRE                                         r  Red/count_reg[3]/C
                         clock pessimism              0.454    13.424    
                         clock uncertainty           -0.035    13.388    
    SLICE_X43Y9          FDRE (Setup_fdre_C_R)       -0.429    12.959    Red/count_reg[3]
  -------------------------------------------------------------------
                         required time                         12.959    
                         arrival time                         -11.008    
  -------------------------------------------------------------------
                         slack                                  1.952    

Slack (MET) :             1.986ns  (required time - arrival time)
  Source:                 Red/count_reg[2]/C
                            (rising edge-triggered cell FDRE clocked by sys_clk_pin  {rise@0.000ns fall@4.000ns period=8.000ns})
  Destination:            Red/count_reg[4]/R
                            (rising edge-triggered cell FDRE clocked by sys_clk_pin  {rise@0.000ns fall@4.000ns period=8.000ns})
  Path Group:             sys_clk_pin
  Path Type:              Setup (Max at Slow Process Corner)
  Requirement:            8.000ns  (sys_clk_pin rise@8.000ns - sys_clk_pin rise@0.000ns)
  Data Path Delay:        5.525ns  (logic 1.076ns (19.475%)  route 4.449ns (80.525%))
  Logic Levels:           5  (LUT5=1 LUT6=4)
  Clock Path Skew:        -0.025ns (DCD - SCD + CPR)
    Destination Clock Delay (DCD):    4.970ns = ( 12.970 - 8.000 ) 
    Source Clock Delay      (SCD):    5.424ns
    Clock Pessimism Removal (CPR):    0.429ns
  Clock Uncertainty:      0.035ns  ((TSJ^2 + TIJ^2)^1/2 + DJ) / 2 + PE
    Total System Jitter     (TSJ):    0.071ns
    Total Input Jitter      (TIJ):    0.000ns
    Discrete Jitter          (DJ):    0.000ns
    Phase Error              (PE):    0.000ns

    Location             Delay type                Incr(ns)  Path(ns)    Netlist Resource(s)
  -------------------------------------------------------------------    -------------------
                         (clock sys_clk_pin rise edge)
                                                      0.000     0.000 r  
    K17                                               0.000     0.000 r  sys_clk (IN)
                         net (fo=0)                   0.000     0.000    sys_clk
    K17                  IBUF (Prop_ibuf_I_O)         1.492     1.492 r  sys_clk_IBUF_inst/O
                         net (fo=1, routed)           2.076     3.568    sys_clk_IBUF
    BUFGCTRL_X0Y16       BUFG (Prop_bufg_I_O)         0.101     3.669 r  sys_clk_IBUF_BUFG_inst/O
                         net (fo=81, routed)          1.755     5.424    Red/sys_clk_IBUF_BUFG
    SLICE_X43Y9          FDRE                                         r  Red/count_reg[2]/C
  -------------------------------------------------------------------    -------------------
    SLICE_X43Y9          FDRE (Prop_fdre_C_Q)         0.456     5.880 r  Red/count_reg[2]/Q
                         net (fo=2, routed)           0.862     6.742    Red/count_reg[2]
    SLICE_X42Y9          LUT6 (Prop_lut6_I2_O)        0.124     6.866 r  Red/count[0]_i_10/O
                         net (fo=1, routed)           0.418     7.283    Red/count[0]_i_10_n_0
    SLICE_X42Y11         LUT6 (Prop_lut6_I3_O)        0.124     7.407 r  Red/count[0]_i_8/O
                         net (fo=1, routed)           0.417     7.825    Red/count[0]_i_8_n_0
    SLICE_X42Y12         LUT6 (Prop_lut6_I4_O)        0.124     7.949 r  Red/count[0]_i_7/O
                         net (fo=1, routed)           0.417     8.366    Red/count[0]_i_7_n_0
    SLICE_X42Y13         LUT6 (Prop_lut6_I4_O)        0.124     8.490 r  Red/count[0]_i_3/O
                         net (fo=2, routed)           1.150     9.641    Red/count[0]_i_3_n_0
    SLICE_X42Y30         LUT5 (Prop_lut5_I0_O)        0.124     9.765 r  Red/count[0]_i_1/O
                         net (fo=26, routed)          1.184    10.949    Red/count[0]_i_1_n_0
    SLICE_X43Y10         FDRE                                         r  Red/count_reg[4]/R
  -------------------------------------------------------------------    -------------------

                         (clock sys_clk_pin rise edge)
                                                      8.000     8.000 r  
    K17                                               0.000     8.000 r  sys_clk (IN)
                         net (fo=0)                   0.000     8.000    sys_clk
    K17                  IBUF (Prop_ibuf_I_O)         1.421     9.421 r  sys_clk_IBUF_inst/O
                         net (fo=1, routed)           1.880    11.301    sys_clk_IBUF
    BUFGCTRL_X0Y16       BUFG (Prop_bufg_I_O)         0.091    11.392 r  sys_clk_IBUF_BUFG_inst/O
                         net (fo=81, routed)          1.577    12.969    Red/sys_clk_IBUF_BUFG
    SLICE_X43Y10         FDRE                                         r  Red/count_reg[4]/C
                         clock pessimism              0.429    13.399    
                         clock uncertainty           -0.035    13.363    
    SLICE_X43Y10         FDRE (Setup_fdre_C_R)       -0.429    12.934    Red/count_reg[4]
  -------------------------------------------------------------------
                         required time                         12.934    
                         arrival time                         -10.949    
  -------------------------------------------------------------------
                         slack                                  1.986    

Slack (MET) :             1.986ns  (required time - arrival time)
  Source:                 Red/count_reg[2]/C
                            (rising edge-triggered cell FDRE clocked by sys_clk_pin  {rise@0.000ns fall@4.000ns period=8.000ns})
  Destination:            Red/count_reg[5]/R
                            (rising edge-triggered cell FDRE clocked by sys_clk_pin  {rise@0.000ns fall@4.000ns period=8.000ns})
  Path Group:             sys_clk_pin
  Path Type:              Setup (Max at Slow Process Corner)
  Requirement:            8.000ns  (sys_clk_pin rise@8.000ns - sys_clk_pin rise@0.000ns)
  Data Path Delay:        5.525ns  (logic 1.076ns (19.475%)  route 4.449ns (80.525%))
  Logic Levels:           5  (LUT5=1 LUT6=4)
  Clock Path Skew:        -0.025ns (DCD - SCD + CPR)
    Destination Clock Delay (DCD):    4.970ns = ( 12.970 - 8.000 ) 
    Source Clock Delay      (SCD):    5.424ns
    Clock Pessimism Removal (CPR):    0.429ns
  Clock Uncertainty:      0.035ns  ((TSJ^2 + TIJ^2)^1/2 + DJ) / 2 + PE
    Total System Jitter     (TSJ):    0.071ns
    Total Input Jitter      (TIJ):    0.000ns
    Discrete Jitter          (DJ):    0.000ns
    Phase Error              (PE):    0.000ns

    Location             Delay type                Incr(ns)  Path(ns)    Netlist Resource(s)
  -------------------------------------------------------------------    -------------------
                         (clock sys_clk_pin rise edge)
                                                      0.000     0.000 r  
    K17                                               0.000     0.000 r  sys_clk (IN)
                         net (fo=0)                   0.000     0.000    sys_clk
    K17                  IBUF (Prop_ibuf_I_O)         1.492     1.492 r  sys_clk_IBUF_inst/O
                         net (fo=1, routed)           2.076     3.568    sys_clk_IBUF
    BUFGCTRL_X0Y16       BUFG (Prop_bufg_I_O)         0.101     3.669 r  sys_clk_IBUF_BUFG_inst/O
                         net (fo=81, routed)          1.755     5.424    Red/sys_clk_IBUF_BUFG
    SLICE_X43Y9          FDRE                                         r  Red/count_reg[2]/C
  -------------------------------------------------------------------    -------------------
    SLICE_X43Y9          FDRE (Prop_fdre_C_Q)         0.456     5.880 r  Red/count_reg[2]/Q
                         net (fo=2, routed)           0.862     6.742    Red/count_reg[2]
    SLICE_X42Y9          LUT6 (Prop_lut6_I2_O)        0.124     6.866 r  Red/count[0]_i_10/O
                         net (fo=1, routed)           0.418     7.283    Red/count[0]_i_10_n_0
    SLICE_X42Y11         LUT6 (Prop_lut6_I3_O)        0.124     7.407 r  Red/count[0]_i_8/O
                         net (fo=1, routed)           0.417     7.825    Red/count[0]_i_8_n_0
    SLICE_X42Y12         LUT6 (Prop_lut6_I4_O)        0.124     7.949 r  Red/count[0]_i_7/O
                         net (fo=1, routed)           0.417     8.366    Red/count[0]_i_7_n_0
    SLICE_X42Y13         LUT6 (Prop_lut6_I4_O)        0.124     8.490 r  Red/count[0]_i_3/O
                         net (fo=2, routed)           1.150     9.641    Red/count[0]_i_3_n_0
    SLICE_X42Y30         LUT5 (Prop_lut5_I0_O)        0.124     9.765 r  Red/count[0]_i_1/O
                         net (fo=26, routed)          1.184    10.949    Red/count[0]_i_1_n_0
    SLICE_X43Y10         FDRE                                         r  Red/count_reg[5]/R
  -------------------------------------------------------------------    -------------------

                         (clock sys_clk_pin rise edge)
                                                      8.000     8.000 r  
    K17                                               0.000     8.000 r  sys_clk (IN)
                         net (fo=0)                   0.000     8.000    sys_clk
    K17                  IBUF (Prop_ibuf_I_O)         1.421     9.421 r  sys_clk_IBUF_inst/O
                         net (fo=1, routed)           1.880    11.301    sys_clk_IBUF
    BUFGCTRL_X0Y16       BUFG (Prop_bufg_I_O)         0.091    11.392 r  sys_clk_IBUF_BUFG_inst/O
                         net (fo=81, routed)          1.577    12.969    Red/sys_clk_IBUF_BUFG
    SLICE_X43Y10         FDRE                                         r  Red/count_reg[5]/C
                         clock pessimism              0.429    13.399    
                         clock uncertainty           -0.035    13.363    
    SLICE_X43Y10         FDRE (Setup_fdre_C_R)       -0.429    12.934    Red/count_reg[5]
  -------------------------------------------------------------------
                         required time                         12.934    
                         arrival time                         -10.949    
  -------------------------------------------------------------------
                         slack                                  1.986    





Min Delay Paths
--------------------------------------------------------------------------------------
Slack (MET) :             0.261ns  (arrival time - required time)
  Source:                 Blue/count_reg[11]/C
                            (rising edge-triggered cell FDRE clocked by sys_clk_pin  {rise@0.000ns fall@4.000ns period=8.000ns})
  Destination:            Blue/count_reg[11]/D
                            (rising edge-triggered cell FDRE clocked by sys_clk_pin  {rise@0.000ns fall@4.000ns period=8.000ns})
  Path Group:             sys_clk_pin
  Path Type:              Hold (Min at Fast Process Corner)
  Requirement:            0.000ns  (sys_clk_pin rise@0.000ns - sys_clk_pin rise@0.000ns)
  Data Path Delay:        0.366ns  (logic 0.249ns (68.025%)  route 0.117ns (31.975%))
  Logic Levels:           1  (CARRY4=1)
  Clock Path Skew:        0.000ns (DCD - SCD - CPR)
    Destination Clock Delay (DCD):    2.008ns
    Source Clock Delay      (SCD):    1.493ns
    Clock Pessimism Removal (CPR):    0.515ns

    Location             Delay type                Incr(ns)  Path(ns)    Netlist Resource(s)
  -------------------------------------------------------------------    -------------------
                         (clock sys_clk_pin rise edge)
                                                      0.000     0.000 r  
    K17                                               0.000     0.000 r  sys_clk (IN)
                         net (fo=0)                   0.000     0.000    sys_clk
    K17                  IBUF (Prop_ibuf_I_O)         0.259     0.259 r  sys_clk_IBUF_inst/O
                         net (fo=1, routed)           0.627     0.887    sys_clk_IBUF
    BUFGCTRL_X0Y16       BUFG (Prop_bufg_I_O)         0.026     0.913 r  sys_clk_IBUF_BUFG_inst/O
                         net (fo=81, routed)          0.581     1.493    Blue/sys_clk_IBUF_BUFG
    SLICE_X41Y81         FDRE                                         r  Blue/count_reg[11]/C
  -------------------------------------------------------------------    -------------------
    SLICE_X41Y81         FDRE (Prop_fdre_C_Q)         0.141     1.634 r  Blue/count_reg[11]/Q
                         net (fo=2, routed)           0.117     1.751    Blue/count_reg[11]
    SLICE_X41Y81         CARRY4 (Prop_carry4_S[3]_O[3])
                                                      0.108     1.859 r  Blue/count_reg[8]_i_1__1/O[3]
                         net (fo=1, routed)           0.000     1.859    Blue/count_reg[8]_i_1__1_n_4
    SLICE_X41Y81         FDRE                                         r  Blue/count_reg[11]/D
  -------------------------------------------------------------------    -------------------

                         (clock sys_clk_pin rise edge)
                                                      0.000     0.000 r  
    K17                                               0.000     0.000 r  sys_clk (IN)
                         net (fo=0)                   0.000     0.000    sys_clk
    K17                  IBUF (Prop_ibuf_I_O)         0.447     0.447 r  sys_clk_IBUF_inst/O
                         net (fo=1, routed)           0.683     1.130    sys_clk_IBUF
    BUFGCTRL_X0Y16       BUFG (Prop_bufg_I_O)         0.029     1.159 r  sys_clk_IBUF_BUFG_inst/O
                         net (fo=81, routed)          0.849     2.008    Blue/sys_clk_IBUF_BUFG
    SLICE_X41Y81         FDRE                                         r  Blue/count_reg[11]/C
                         clock pessimism             -0.515     1.493    
    SLICE_X41Y81         FDRE (Hold_fdre_C_D)         0.105     1.598    Blue/count_reg[11]
  -------------------------------------------------------------------
                         required time                         -1.598    
                         arrival time                           1.859    
  -------------------------------------------------------------------
                         slack                                  0.261    

Slack (MET) :             0.261ns  (arrival time - required time)
  Source:                 Red/count_reg[11]/C
                            (rising edge-triggered cell FDRE clocked by sys_clk_pin  {rise@0.000ns fall@4.000ns period=8.000ns})
  Destination:            Red/count_reg[11]/D
                            (rising edge-triggered cell FDRE clocked by sys_clk_pin  {rise@0.000ns fall@4.000ns period=8.000ns})
  Path Group:             sys_clk_pin
  Path Type:              Hold (Min at Fast Process Corner)
  Requirement:            0.000ns  (sys_clk_pin rise@0.000ns - sys_clk_pin rise@0.000ns)
  Data Path Delay:        0.366ns  (logic 0.249ns (68.025%)  route 0.117ns (31.975%))
  Logic Levels:           1  (CARRY4=1)
  Clock Path Skew:        0.000ns (DCD - SCD - CPR)
    Destination Clock Delay (DCD):    2.020ns
    Source Clock Delay      (SCD):    1.504ns
    Clock Pessimism Removal (CPR):    0.516ns

    Location             Delay type                Incr(ns)  Path(ns)    Netlist Resource(s)
  -------------------------------------------------------------------    -------------------
                         (clock sys_clk_pin rise edge)
                                                      0.000     0.000 r  
    K17                                               0.000     0.000 r  sys_clk (IN)
                         net (fo=0)                   0.000     0.000    sys_clk
    K17                  IBUF (Prop_ibuf_I_O)         0.259     0.259 r  sys_clk_IBUF_inst/O
                         net (fo=1, routed)           0.627     0.887    sys_clk_IBUF
    BUFGCTRL_X0Y16       BUFG (Prop_bufg_I_O)         0.026     0.913 r  sys_clk_IBUF_BUFG_inst/O
                         net (fo=81, routed)          0.592     1.504    Red/sys_clk_IBUF_BUFG
    SLICE_X43Y11         FDRE                                         r  Red/count_reg[11]/C
  -------------------------------------------------------------------    -------------------
    SLICE_X43Y11         FDRE (Prop_fdre_C_Q)         0.141     1.645 r  Red/count_reg[11]/Q
                         net (fo=2, routed)           0.117     1.762    Red/count_reg[11]
    SLICE_X43Y11         CARRY4 (Prop_carry4_S[3]_O[3])
                                                      0.108     1.870 r  Red/count_reg[8]_i_1/O[3]
                         net (fo=1, routed)           0.000     1.870    Red/count_reg[8]_i_1_n_4
    SLICE_X43Y11         FDRE                                         r  Red/count_reg[11]/D
  -------------------------------------------------------------------    -------------------

                         (clock sys_clk_pin rise edge)
                                                      0.000     0.000 r  
    K17                                               0.000     0.000 r  sys_clk (IN)
                         net (fo=0)                   0.000     0.000    sys_clk
    K17                  IBUF (Prop_ibuf_I_O)         0.447     0.447 r  sys_clk_IBUF_inst/O
                         net (fo=1, routed)           0.683     1.130    sys_clk_IBUF
    BUFGCTRL_X0Y16       BUFG (Prop_bufg_I_O)         0.029     1.159 r  sys_clk_IBUF_BUFG_inst/O
                         net (fo=81, routed)          0.861     2.020    Red/sys_clk_IBUF_BUFG
    SLICE_X43Y11         FDRE                                         r  Red/count_reg[11]/C
                         clock pessimism             -0.516     1.504    
    SLICE_X43Y11         FDRE (Hold_fdre_C_D)         0.105     1.609    Red/count_reg[11]
  -------------------------------------------------------------------
                         required time                         -1.609    
                         arrival time                           1.870    
  -------------------------------------------------------------------
                         slack                                  0.261    

Slack (MET) :             0.261ns  (arrival time - required time)
  Source:                 Red/count_reg[19]/C
                            (rising edge-triggered cell FDRE clocked by sys_clk_pin  {rise@0.000ns fall@4.000ns period=8.000ns})
  Destination:            Red/count_reg[19]/D
                            (rising edge-triggered cell FDRE clocked by sys_clk_pin  {rise@0.000ns fall@4.000ns period=8.000ns})
  Path Group:             sys_clk_pin
  Path Type:              Hold (Min at Fast Process Corner)
  Requirement:            0.000ns  (sys_clk_pin rise@0.000ns - sys_clk_pin rise@0.000ns)
  Data Path Delay:        0.366ns  (logic 0.249ns (68.025%)  route 0.117ns (31.975%))
  Logic Levels:           1  (CARRY4=1)
  Clock Path Skew:        0.000ns (DCD - SCD - CPR)
    Destination Clock Delay (DCD):    2.017ns
    Source Clock Delay      (SCD):    1.502ns
    Clock Pessimism Removal (CPR):    0.515ns

    Location             Delay type                Incr(ns)  Path(ns)    Netlist Resource(s)
  -------------------------------------------------------------------    -------------------
                         (clock sys_clk_pin rise edge)
                                                      0.000     0.000 r  
    K17                                               0.000     0.000 r  sys_clk (IN)
                         net (fo=0)                   0.000     0.000    sys_clk
    K17                  IBUF (Prop_ibuf_I_O)         0.259     0.259 r  sys_clk_IBUF_inst/O
                         net (fo=1, routed)           0.627     0.887    sys_clk_IBUF
    BUFGCTRL_X0Y16       BUFG (Prop_bufg_I_O)         0.026     0.913 r  sys_clk_IBUF_BUFG_inst/O
                         net (fo=81, routed)          0.590     1.502    Red/sys_clk_IBUF_BUFG
    SLICE_X43Y13         FDRE                                         r  Red/count_reg[19]/C
  -------------------------------------------------------------------    -------------------
    SLICE_X43Y13         FDRE (Prop_fdre_C_Q)         0.141     1.643 r  Red/count_reg[19]/Q
                         net (fo=2, routed)           0.117     1.760    Red/count_reg[19]
    SLICE_X43Y13         CARRY4 (Prop_carry4_S[3]_O[3])
                                                      0.108     1.868 r  Red/count_reg[16]_i_1/O[3]
                         net (fo=1, routed)           0.000     1.868    Red/count_reg[16]_i_1_n_4
    SLICE_X43Y13         FDRE                                         r  Red/count_reg[19]/D
  -------------------------------------------------------------------    -------------------

                         (clock sys_clk_pin rise edge)
                                                      0.000     0.000 r  
    K17                                               0.000     0.000 r  sys_clk (IN)
                         net (fo=0)                   0.000     0.000    sys_clk
    K17                  IBUF (Prop_ibuf_I_O)         0.447     0.447 r  sys_clk_IBUF_inst/O
                         net (fo=1, routed)           0.683     1.130    sys_clk_IBUF
    BUFGCTRL_X0Y16       BUFG (Prop_bufg_I_O)         0.029     1.159 r  sys_clk_IBUF_BUFG_inst/O
                         net (fo=81, routed)          0.858     2.017    Red/sys_clk_IBUF_BUFG
    SLICE_X43Y13         FDRE                                         r  Red/count_reg[19]/C
                         clock pessimism             -0.515     1.502    
    SLICE_X43Y13         FDRE (Hold_fdre_C_D)         0.105     1.607    Red/count_reg[19]
  -------------------------------------------------------------------
                         required time                         -1.607    
                         arrival time                           1.868    
  -------------------------------------------------------------------
                         slack                                  0.261    

Slack (MET) :             0.261ns  (arrival time - required time)
  Source:                 Blue/count_reg[23]/C
                            (rising edge-triggered cell FDRE clocked by sys_clk_pin  {rise@0.000ns fall@4.000ns period=8.000ns})
  Destination:            Blue/count_reg[23]/D
                            (rising edge-triggered cell FDRE clocked by sys_clk_pin  {rise@0.000ns fall@4.000ns period=8.000ns})
  Path Group:             sys_clk_pin
  Path Type:              Hold (Min at Fast Process Corner)
  Requirement:            0.000ns  (sys_clk_pin rise@0.000ns - sys_clk_pin rise@0.000ns)
  Data Path Delay:        0.366ns  (logic 0.249ns (67.994%)  route 0.117ns (32.006%))
  Logic Levels:           1  (CARRY4=1)
  Clock Path Skew:        0.000ns (DCD - SCD - CPR)
    Destination Clock Delay (DCD):    2.011ns
    Source Clock Delay      (SCD):    1.496ns
    Clock Pessimism Removal (CPR):    0.515ns

    Location             Delay type                Incr(ns)  Path(ns)    Netlist Resource(s)
  -------------------------------------------------------------------    -------------------
                         (clock sys_clk_pin rise edge)
                                                      0.000     0.000 r  
    K17                                               0.000     0.000 r  sys_clk (IN)
                         net (fo=0)                   0.000     0.000    sys_clk
    K17                  IBUF (Prop_ibuf_I_O)         0.259     0.259 r  sys_clk_IBUF_inst/O
                         net (fo=1, routed)           0.627     0.887    sys_clk_IBUF
    BUFGCTRL_X0Y16       BUFG (Prop_bufg_I_O)         0.026     0.913 r  sys_clk_IBUF_BUFG_inst/O
                         net (fo=81, routed)          0.584     1.496    Blue/sys_clk_IBUF_BUFG
    SLICE_X41Y84         FDRE                                         r  Blue/count_reg[23]/C
  -------------------------------------------------------------------    -------------------
    SLICE_X41Y84         FDRE (Prop_fdre_C_Q)         0.141     1.637 r  Blue/count_reg[23]/Q
                         net (fo=2, routed)           0.117     1.755    Blue/count_reg[23]
    SLICE_X41Y84         CARRY4 (Prop_carry4_S[3]_O[3])
                                                      0.108     1.863 r  Blue/count_reg[20]_i_1__1/O[3]
                         net (fo=1, routed)           0.000     1.863    Blue/count_reg[20]_i_1__1_n_4
    SLICE_X41Y84         FDRE                                         r  Blue/count_reg[23]/D
  -------------------------------------------------------------------    -------------------

                         (clock sys_clk_pin rise edge)
                                                      0.000     0.000 r  
    K17                                               0.000     0.000 r  sys_clk (IN)
                         net (fo=0)                   0.000     0.000    sys_clk
    K17                  IBUF (Prop_ibuf_I_O)         0.447     0.447 r  sys_clk_IBUF_inst/O
                         net (fo=1, routed)           0.683     1.130    sys_clk_IBUF
    BUFGCTRL_X0Y16       BUFG (Prop_bufg_I_O)         0.029     1.159 r  sys_clk_IBUF_BUFG_inst/O
                         net (fo=81, routed)          0.852     2.011    Blue/sys_clk_IBUF_BUFG
    SLICE_X41Y84         FDRE                                         r  Blue/count_reg[23]/C
                         clock pessimism             -0.515     1.496    
    SLICE_X41Y84         FDRE (Hold_fdre_C_D)         0.105     1.601    Blue/count_reg[23]
  -------------------------------------------------------------------
                         required time                         -1.601    
                         arrival time                           1.863    
  -------------------------------------------------------------------
                         slack                                  0.261    

Slack (MET) :             0.261ns  (arrival time - required time)
  Source:                 Blue/count_reg[19]/C
                            (rising edge-triggered cell FDRE clocked by sys_clk_pin  {rise@0.000ns fall@4.000ns period=8.000ns})
  Destination:            Blue/count_reg[19]/D
                            (rising edge-triggered cell FDRE clocked by sys_clk_pin  {rise@0.000ns fall@4.000ns period=8.000ns})
  Path Group:             sys_clk_pin
  Path Type:              Hold (Min at Fast Process Corner)
  Requirement:            0.000ns  (sys_clk_pin rise@0.000ns - sys_clk_pin rise@0.000ns)
  Data Path Delay:        0.366ns  (logic 0.249ns (67.994%)  route 0.117ns (32.006%))
  Logic Levels:           1  (CARRY4=1)
  Clock Path Skew:        0.000ns (DCD - SCD - CPR)
    Destination Clock Delay (DCD):    2.010ns
    Source Clock Delay      (SCD):    1.495ns
    Clock Pessimism Removal (CPR):    0.515ns

    Location             Delay type                Incr(ns)  Path(ns)    Netlist Resource(s)
  -------------------------------------------------------------------    -------------------
                         (clock sys_clk_pin rise edge)
                                                      0.000     0.000 r  
    K17                                               0.000     0.000 r  sys_clk (IN)
                         net (fo=0)                   0.000     0.000    sys_clk
    K17                  IBUF (Prop_ibuf_I_O)         0.259     0.259 r  sys_clk_IBUF_inst/O
                         net (fo=1, routed)           0.627     0.887    sys_clk_IBUF
    BUFGCTRL_X0Y16       BUFG (Prop_bufg_I_O)         0.026     0.913 r  sys_clk_IBUF_BUFG_inst/O
                         net (fo=81, routed)          0.583     1.495    Blue/sys_clk_IBUF_BUFG
    SLICE_X41Y83         FDRE                                         r  Blue/count_reg[19]/C
  -------------------------------------------------------------------    -------------------
    SLICE_X41Y83         FDRE (Prop_fdre_C_Q)         0.141     1.636 r  Blue/count_reg[19]/Q
                         net (fo=2, routed)           0.117     1.754    Blue/count_reg[19]
    SLICE_X41Y83         CARRY4 (Prop_carry4_S[3]_O[3])
                                                      0.108     1.862 r  Blue/count_reg[16]_i_1__1/O[3]
                         net (fo=1, routed)           0.000     1.862    Blue/count_reg[16]_i_1__1_n_4
    SLICE_X41Y83         FDRE                                         r  Blue/count_reg[19]/D
  -------------------------------------------------------------------    -------------------

                         (clock sys_clk_pin rise edge)
                                                      0.000     0.000 r  
    K17                                               0.000     0.000 r  sys_clk (IN)
                         net (fo=0)                   0.000     0.000    sys_clk
    K17                  IBUF (Prop_ibuf_I_O)         0.447     0.447 r  sys_clk_IBUF_inst/O
                         net (fo=1, routed)           0.683     1.130    sys_clk_IBUF
    BUFGCTRL_X0Y16       BUFG (Prop_bufg_I_O)         0.029     1.159 r  sys_clk_IBUF_BUFG_inst/O
                         net (fo=81, routed)          0.851     2.010    Blue/sys_clk_IBUF_BUFG
    SLICE_X41Y83         FDRE                                         r  Blue/count_reg[19]/C
                         clock pessimism             -0.515     1.495    
    SLICE_X41Y83         FDRE (Hold_fdre_C_D)         0.105     1.600    Blue/count_reg[19]
  -------------------------------------------------------------------
                         required time                         -1.600    
                         arrival time                           1.862    
  -------------------------------------------------------------------
                         slack                                  0.261    

Slack (MET) :             0.263ns  (arrival time - required time)
  Source:                 Blue/count_reg[3]/C
                            (rising edge-triggered cell FDRE clocked by sys_clk_pin  {rise@0.000ns fall@4.000ns period=8.000ns})
  Destination:            Blue/count_reg[3]/D
                            (rising edge-triggered cell FDRE clocked by sys_clk_pin  {rise@0.000ns fall@4.000ns period=8.000ns})
  Path Group:             sys_clk_pin
  Path Type:              Hold (Min at Fast Process Corner)
  Requirement:            0.000ns  (sys_clk_pin rise@0.000ns - sys_clk_pin rise@0.000ns)
  Data Path Delay:        0.368ns  (logic 0.249ns (67.612%)  route 0.119ns (32.388%))
  Logic Levels:           1  (CARRY4=1)
  Clock Path Skew:        0.000ns (DCD - SCD - CPR)
    Destination Clock Delay (DCD):    2.006ns
    Source Clock Delay      (SCD):    1.491ns
    Clock Pessimism Removal (CPR):    0.515ns

    Location             Delay type                Incr(ns)  Path(ns)    Netlist Resource(s)
  -------------------------------------------------------------------    -------------------
                         (clock sys_clk_pin rise edge)
                                                      0.000     0.000 r  
    K17                                               0.000     0.000 r  sys_clk (IN)
                         net (fo=0)                   0.000     0.000    sys_clk
    K17                  IBUF (Prop_ibuf_I_O)         0.259     0.259 r  sys_clk_IBUF_inst/O
                         net (fo=1, routed)           0.627     0.887    sys_clk_IBUF
    BUFGCTRL_X0Y16       BUFG (Prop_bufg_I_O)         0.026     0.913 r  sys_clk_IBUF_BUFG_inst/O
                         net (fo=81, routed)          0.579     1.491    Blue/sys_clk_IBUF_BUFG
    SLICE_X41Y79         FDRE                                         r  Blue/count_reg[3]/C
  -------------------------------------------------------------------    -------------------
    SLICE_X41Y79         FDRE (Prop_fdre_C_Q)         0.141     1.632 r  Blue/count_reg[3]/Q
                         net (fo=2, routed)           0.119     1.752    Blue/count_reg[3]
    SLICE_X41Y79         CARRY4 (Prop_carry4_S[3]_O[3])
                                                      0.108     1.860 r  Blue/count_reg[0]_i_2__1/O[3]
                         net (fo=1, routed)           0.000     1.860    Blue/count_reg[0]_i_2__1_n_4
    SLICE_X41Y79         FDRE                                         r  Blue/count_reg[3]/D
  -------------------------------------------------------------------    -------------------

                         (clock sys_clk_pin rise edge)
                                                      0.000     0.000 r  
    K17                                               0.000     0.000 r  sys_clk (IN)
                         net (fo=0)                   0.000     0.000    sys_clk
    K17                  IBUF (Prop_ibuf_I_O)         0.447     0.447 r  sys_clk_IBUF_inst/O
                         net (fo=1, routed)           0.683     1.130    sys_clk_IBUF
    BUFGCTRL_X0Y16       BUFG (Prop_bufg_I_O)         0.029     1.159 r  sys_clk_IBUF_BUFG_inst/O
                         net (fo=81, routed)          0.847     2.006    Blue/sys_clk_IBUF_BUFG
    SLICE_X41Y79         FDRE                                         r  Blue/count_reg[3]/C
                         clock pessimism             -0.515     1.491    
    SLICE_X41Y79         FDRE (Hold_fdre_C_D)         0.105     1.596    Blue/count_reg[3]
  -------------------------------------------------------------------
                         required time                         -1.596    
                         arrival time                           1.860    
  -------------------------------------------------------------------
                         slack                                  0.263    

Slack (MET) :             0.263ns  (arrival time - required time)
  Source:                 Red/count_reg[3]/C
                            (rising edge-triggered cell FDRE clocked by sys_clk_pin  {rise@0.000ns fall@4.000ns period=8.000ns})
  Destination:            Red/count_reg[3]/D
                            (rising edge-triggered cell FDRE clocked by sys_clk_pin  {rise@0.000ns fall@4.000ns period=8.000ns})
  Path Group:             sys_clk_pin
  Path Type:              Hold (Min at Fast Process Corner)
  Requirement:            0.000ns  (sys_clk_pin rise@0.000ns - sys_clk_pin rise@0.000ns)
  Data Path Delay:        0.368ns  (logic 0.249ns (67.612%)  route 0.119ns (32.388%))
  Logic Levels:           1  (CARRY4=1)
  Clock Path Skew:        0.000ns (DCD - SCD - CPR)
    Destination Clock Delay (DCD):    2.021ns
    Source Clock Delay      (SCD):    1.505ns
    Clock Pessimism Removal (CPR):    0.516ns

    Location             Delay type                Incr(ns)  Path(ns)    Netlist Resource(s)
  -------------------------------------------------------------------    -------------------
                         (clock sys_clk_pin rise edge)
                                                      0.000     0.000 r  
    K17                                               0.000     0.000 r  sys_clk (IN)
                         net (fo=0)                   0.000     0.000    sys_clk
    K17                  IBUF (Prop_ibuf_I_O)         0.259     0.259 r  sys_clk_IBUF_inst/O
                         net (fo=1, routed)           0.627     0.887    sys_clk_IBUF
    BUFGCTRL_X0Y16       BUFG (Prop_bufg_I_O)         0.026     0.913 r  sys_clk_IBUF_BUFG_inst/O
                         net (fo=81, routed)          0.593     1.505    Red/sys_clk_IBUF_BUFG
    SLICE_X43Y9          FDRE                                         r  Red/count_reg[3]/C
  -------------------------------------------------------------------    -------------------
    SLICE_X43Y9          FDRE (Prop_fdre_C_Q)         0.141     1.646 r  Red/count_reg[3]/Q
                         net (fo=2, routed)           0.119     1.765    Red/count_reg[3]
    SLICE_X43Y9          CARRY4 (Prop_carry4_S[3]_O[3])
                                                      0.108     1.873 r  Red/count_reg[0]_i_2/O[3]
                         net (fo=1, routed)           0.000     1.873    Red/count_reg[0]_i_2_n_4
    SLICE_X43Y9          FDRE                                         r  Red/count_reg[3]/D
  -------------------------------------------------------------------    -------------------

                         (clock sys_clk_pin rise edge)
                                                      0.000     0.000 r  
    K17                                               0.000     0.000 r  sys_clk (IN)
                         net (fo=0)                   0.000     0.000    sys_clk
    K17                  IBUF (Prop_ibuf_I_O)         0.447     0.447 r  sys_clk_IBUF_inst/O
                         net (fo=1, routed)           0.683     1.130    sys_clk_IBUF
    BUFGCTRL_X0Y16       BUFG (Prop_bufg_I_O)         0.029     1.159 r  sys_clk_IBUF_BUFG_inst/O
                         net (fo=81, routed)          0.862     2.021    Red/sys_clk_IBUF_BUFG
    SLICE_X43Y9          FDRE                                         r  Red/count_reg[3]/C
                         clock pessimism             -0.516     1.505    
    SLICE_X43Y9          FDRE (Hold_fdre_C_D)         0.105     1.610    Red/count_reg[3]
  -------------------------------------------------------------------
                         required time                         -1.610    
                         arrival time                           1.873    
  -------------------------------------------------------------------
                         slack                                  0.263    

Slack (MET) :             0.263ns  (arrival time - required time)
  Source:                 Blue/count_reg[15]/C
                            (rising edge-triggered cell FDRE clocked by sys_clk_pin  {rise@0.000ns fall@4.000ns period=8.000ns})
  Destination:            Blue/count_reg[15]/D
                            (rising edge-triggered cell FDRE clocked by sys_clk_pin  {rise@0.000ns fall@4.000ns period=8.000ns})
  Path Group:             sys_clk_pin
  Path Type:              Hold (Min at Fast Process Corner)
  Requirement:            0.000ns  (sys_clk_pin rise@0.000ns - sys_clk_pin rise@0.000ns)
  Data Path Delay:        0.368ns  (logic 0.249ns (67.612%)  route 0.119ns (32.388%))
  Logic Levels:           1  (CARRY4=1)
  Clock Path Skew:        0.000ns (DCD - SCD - CPR)
    Destination Clock Delay (DCD):    2.009ns
    Source Clock Delay      (SCD):    1.494ns
    Clock Pessimism Removal (CPR):    0.515ns

    Location             Delay type                Incr(ns)  Path(ns)    Netlist Resource(s)
  -------------------------------------------------------------------    -------------------
                         (clock sys_clk_pin rise edge)
                                                      0.000     0.000 r  
    K17                                               0.000     0.000 r  sys_clk (IN)
                         net (fo=0)                   0.000     0.000    sys_clk
    K17                  IBUF (Prop_ibuf_I_O)         0.259     0.259 r  sys_clk_IBUF_inst/O
                         net (fo=1, routed)           0.627     0.887    sys_clk_IBUF
    BUFGCTRL_X0Y16       BUFG (Prop_bufg_I_O)         0.026     0.913 r  sys_clk_IBUF_BUFG_inst/O
                         net (fo=81, routed)          0.582     1.494    Blue/sys_clk_IBUF_BUFG
    SLICE_X41Y82         FDRE                                         r  Blue/count_reg[15]/C
  -------------------------------------------------------------------    -------------------
    SLICE_X41Y82         FDRE (Prop_fdre_C_Q)         0.141     1.635 r  Blue/count_reg[15]/Q
                         net (fo=2, routed)           0.119     1.755    Blue/count_reg[15]
    SLICE_X41Y82         CARRY4 (Prop_carry4_S[3]_O[3])
                                                      0.108     1.863 r  Blue/count_reg[12]_i_1__1/O[3]
                         net (fo=1, routed)           0.000     1.863    Blue/count_reg[12]_i_1__1_n_4
    SLICE_X41Y82         FDRE                                         r  Blue/count_reg[15]/D
  -------------------------------------------------------------------    -------------------

                         (clock sys_clk_pin rise edge)
                                                      0.000     0.000 r  
    K17                                               0.000     0.000 r  sys_clk (IN)
                         net (fo=0)                   0.000     0.000    sys_clk
    K17                  IBUF (Prop_ibuf_I_O)         0.447     0.447 r  sys_clk_IBUF_inst/O
                         net (fo=1, routed)           0.683     1.130    sys_clk_IBUF
    BUFGCTRL_X0Y16       BUFG (Prop_bufg_I_O)         0.029     1.159 r  sys_clk_IBUF_BUFG_inst/O
                         net (fo=81, routed)          0.850     2.009    Blue/sys_clk_IBUF_BUFG
    SLICE_X41Y82         FDRE                                         r  Blue/count_reg[15]/C
                         clock pessimism             -0.515     1.494    
    SLICE_X41Y82         FDRE (Hold_fdre_C_D)         0.105     1.599    Blue/count_reg[15]
  -------------------------------------------------------------------
                         required time                         -1.599    
                         arrival time                           1.863    
  -------------------------------------------------------------------
                         slack                                  0.263    

Slack (MET) :             0.263ns  (arrival time - required time)
  Source:                 Red/count_reg[15]/C
                            (rising edge-triggered cell FDRE clocked by sys_clk_pin  {rise@0.000ns fall@4.000ns period=8.000ns})
  Destination:            Red/count_reg[15]/D
                            (rising edge-triggered cell FDRE clocked by sys_clk_pin  {rise@0.000ns fall@4.000ns period=8.000ns})
  Path Group:             sys_clk_pin
  Path Type:              Hold (Min at Fast Process Corner)
  Requirement:            0.000ns  (sys_clk_pin rise@0.000ns - sys_clk_pin rise@0.000ns)
  Data Path Delay:        0.368ns  (logic 0.249ns (67.612%)  route 0.119ns (32.388%))
  Logic Levels:           1  (CARRY4=1)
  Clock Path Skew:        0.000ns (DCD - SCD - CPR)
    Destination Clock Delay (DCD):    2.018ns
    Source Clock Delay      (SCD):    1.503ns
    Clock Pessimism Removal (CPR):    0.515ns

    Location             Delay type                Incr(ns)  Path(ns)    Netlist Resource(s)
  -------------------------------------------------------------------    -------------------
                         (clock sys_clk_pin rise edge)
                                                      0.000     0.000 r  
    K17                                               0.000     0.000 r  sys_clk (IN)
                         net (fo=0)                   0.000     0.000    sys_clk
    K17                  IBUF (Prop_ibuf_I_O)         0.259     0.259 r  sys_clk_IBUF_inst/O
                         net (fo=1, routed)           0.627     0.887    sys_clk_IBUF
    BUFGCTRL_X0Y16       BUFG (Prop_bufg_I_O)         0.026     0.913 r  sys_clk_IBUF_BUFG_inst/O
                         net (fo=81, routed)          0.591     1.503    Red/sys_clk_IBUF_BUFG
    SLICE_X43Y12         FDRE                                         r  Red/count_reg[15]/C
  -------------------------------------------------------------------    -------------------
    SLICE_X43Y12         FDRE (Prop_fdre_C_Q)         0.141     1.644 r  Red/count_reg[15]/Q
                         net (fo=2, routed)           0.119     1.763    Red/count_reg[15]
    SLICE_X43Y12         CARRY4 (Prop_carry4_S[3]_O[3])
                                                      0.108     1.871 r  Red/count_reg[12]_i_1/O[3]
                         net (fo=1, routed)           0.000     1.871    Red/count_reg[12]_i_1_n_4
    SLICE_X43Y12         FDRE                                         r  Red/count_reg[15]/D
  -------------------------------------------------------------------    -------------------

                         (clock sys_clk_pin rise edge)
                                                      0.000     0.000 r  
    K17                                               0.000     0.000 r  sys_clk (IN)
                         net (fo=0)                   0.000     0.000    sys_clk
    K17                  IBUF (Prop_ibuf_I_O)         0.447     0.447 r  sys_clk_IBUF_inst/O
                         net (fo=1, routed)           0.683     1.130    sys_clk_IBUF
    BUFGCTRL_X0Y16       BUFG (Prop_bufg_I_O)         0.029     1.159 r  sys_clk_IBUF_BUFG_inst/O
                         net (fo=81, routed)          0.859     2.018    Red/sys_clk_IBUF_BUFG
    SLICE_X43Y12         FDRE                                         r  Red/count_reg[15]/C
                         clock pessimism             -0.515     1.503    
    SLICE_X43Y12         FDRE (Hold_fdre_C_D)         0.105     1.608    Red/count_reg[15]
  -------------------------------------------------------------------
                         required time                         -1.608    
                         arrival time                           1.871    
  -------------------------------------------------------------------
                         slack                                  0.263    

Slack (MET) :             0.263ns  (arrival time - required time)
  Source:                 Blue/led_out_reg/C
                            (rising edge-triggered cell FDRE clocked by sys_clk_pin  {rise@0.000ns fall@4.000ns period=8.000ns})
  Destination:            Blue/led_out_reg/D
                            (rising edge-triggered cell FDRE clocked by sys_clk_pin  {rise@0.000ns fall@4.000ns period=8.000ns})
  Path Group:             sys_clk_pin
  Path Type:              Hold (Min at Fast Process Corner)
  Requirement:            0.000ns  (sys_clk_pin rise@0.000ns - sys_clk_pin rise@0.000ns)
  Data Path Delay:        0.354ns  (logic 0.186ns (52.498%)  route 0.168ns (47.502%))
  Logic Levels:           1  (LUT6=1)
  Clock Path Skew:        0.000ns (DCD - SCD - CPR)
    Destination Clock Delay (DCD):    2.009ns
    Source Clock Delay      (SCD):    1.494ns
    Clock Pessimism Removal (CPR):    0.515ns

    Location             Delay type                Incr(ns)  Path(ns)    Netlist Resource(s)
  -------------------------------------------------------------------    -------------------
                         (clock sys_clk_pin rise edge)
                                                      0.000     0.000 r  
    K17                                               0.000     0.000 r  sys_clk (IN)
                         net (fo=0)                   0.000     0.000    sys_clk
    K17                  IBUF (Prop_ibuf_I_O)         0.259     0.259 r  sys_clk_IBUF_inst/O
                         net (fo=1, routed)           0.627     0.887    sys_clk_IBUF
    BUFGCTRL_X0Y16       BUFG (Prop_bufg_I_O)         0.026     0.913 r  sys_clk_IBUF_BUFG_inst/O
                         net (fo=81, routed)          0.582     1.494    Blue/sys_clk_IBUF_BUFG
    SLICE_X43Y82         FDRE                                         r  Blue/led_out_reg/C
  -------------------------------------------------------------------    -------------------
    SLICE_X43Y82         FDRE (Prop_fdre_C_Q)         0.141     1.635 r  Blue/led_out_reg/Q
                         net (fo=2, routed)           0.168     1.804    Blue/rgb_out_OBUF[0]
    SLICE_X43Y82         LUT6 (Prop_lut6_I1_O)        0.045     1.849 r  Blue/led_out_i_1__1/O
                         net (fo=1, routed)           0.000     1.849    Blue/led_out_i_1__1_n_0
    SLICE_X43Y82         FDRE                                         r  Blue/led_out_reg/D
  -------------------------------------------------------------------    -------------------

                         (clock sys_clk_pin rise edge)
                                                      0.000     0.000 r  
    K17                                               0.000     0.000 r  sys_clk (IN)
                         net (fo=0)                   0.000     0.000    sys_clk
    K17                  IBUF (Prop_ibuf_I_O)         0.447     0.447 r  sys_clk_IBUF_inst/O
                         net (fo=1, routed)           0.683     1.130    sys_clk_IBUF
    BUFGCTRL_X0Y16       BUFG (Prop_bufg_I_O)         0.029     1.159 r  sys_clk_IBUF_BUFG_inst/O
                         net (fo=81, routed)          0.850     2.009    Blue/sys_clk_IBUF_BUFG
    SLICE_X43Y82         FDRE                                         r  Blue/led_out_reg/C
                         clock pessimism             -0.515     1.494    
    SLICE_X43Y82         FDRE (Hold_fdre_C_D)         0.091     1.585    Blue/led_out_reg
  -------------------------------------------------------------------
                         required time                         -1.585    
                         arrival time                           1.849    
  -------------------------------------------------------------------
                         slack                                  0.263    





Pulse Width Checks
--------------------------------------------------------------------------------------
Clock Name:         sys_clk_pin
Waveform(ns):       { 0.000 4.000 }
Period(ns):         8.000
Sources:            { sys_clk }

Check Type        Corner  Lib Pin  Reference Pin  Required(ns)  Actual(ns)  Slack(ns)  Location        Pin
Min Period        n/a     BUFG/I   n/a            2.155         8.000       5.845      BUFGCTRL_X0Y16  sys_clk_IBUF_BUFG_inst/I
Min Period        n/a     FDRE/C   n/a            1.000         8.000       7.000      SLICE_X41Y79    Blue/count_reg[0]/C
Min Period        n/a     FDRE/C   n/a            1.000         8.000       7.000      SLICE_X41Y81    Blue/count_reg[10]/C
Min Period        n/a     FDRE/C   n/a            1.000         8.000       7.000      SLICE_X41Y81    Blue/count_reg[11]/C
Min Period        n/a     FDRE/C   n/a            1.000         8.000       7.000      SLICE_X41Y82    Blue/count_reg[12]/C
Min Period        n/a     FDRE/C   n/a            1.000         8.000       7.000      SLICE_X41Y82    Blue/count_reg[13]/C
Min Period        n/a     FDRE/C   n/a            1.000         8.000       7.000      SLICE_X41Y82    Blue/count_reg[14]/C
Min Period        n/a     FDRE/C   n/a            1.000         8.000       7.000      SLICE_X41Y82    Blue/count_reg[15]/C
Min Period        n/a     FDRE/C   n/a            1.000         8.000       7.000      SLICE_X41Y83    Blue/count_reg[16]/C
Min Period        n/a     FDRE/C   n/a            1.000         8.000       7.000      SLICE_X41Y83    Blue/count_reg[17]/C
Low Pulse Width   Slow    FDRE/C   n/a            0.500         4.000       3.500      SLICE_X41Y79    Blue/count_reg[0]/C
Low Pulse Width   Fast    FDRE/C   n/a            0.500         4.000       3.500      SLICE_X41Y79    Blue/count_reg[0]/C
Low Pulse Width   Slow    FDRE/C   n/a            0.500         4.000       3.500      SLICE_X41Y81    Blue/count_reg[10]/C
Low Pulse Width   Fast    FDRE/C   n/a            0.500         4.000       3.500      SLICE_X41Y81    Blue/count_reg[10]/C
Low Pulse Width   Slow    FDRE/C   n/a            0.500         4.000       3.500      SLICE_X41Y81    Blue/count_reg[11]/C
Low Pulse Width   Fast    FDRE/C   n/a            0.500         4.000       3.500      SLICE_X41Y81    Blue/count_reg[11]/C
Low Pulse Width   Slow    FDRE/C   n/a            0.500         4.000       3.500      SLICE_X41Y82    Blue/count_reg[12]/C
Low Pulse Width   Fast    FDRE/C   n/a            0.500         4.000       3.500      SLICE_X41Y82    Blue/count_reg[12]/C
Low Pulse Width   Slow    FDRE/C   n/a            0.500         4.000       3.500      SLICE_X41Y82    Blue/count_reg[13]/C
Low Pulse Width   Fast    FDRE/C   n/a            0.500         4.000       3.500      SLICE_X41Y82    Blue/count_reg[13]/C
High Pulse Width  Slow    FDRE/C   n/a            0.500         4.000       3.500      SLICE_X41Y79    Blue/count_reg[0]/C
High Pulse Width  Fast    FDRE/C   n/a            0.500         4.000       3.500      SLICE_X41Y79    Blue/count_reg[0]/C
High Pulse Width  Slow    FDRE/C   n/a            0.500         4.000       3.500      SLICE_X41Y81    Blue/count_reg[10]/C
High Pulse Width  Fast    FDRE/C   n/a            0.500         4.000       3.500      SLICE_X41Y81    Blue/count_reg[10]/C
High Pulse Width  Slow    FDRE/C   n/a            0.500         4.000       3.500      SLICE_X41Y81    Blue/count_reg[11]/C
High Pulse Width  Fast    FDRE/C   n/a            0.500         4.000       3.500      SLICE_X41Y81    Blue/count_reg[11]/C
High Pulse Width  Slow    FDRE/C   n/a            0.500         4.000       3.500      SLICE_X41Y82    Blue/count_reg[12]/C
High Pulse Width  Fast    FDRE/C   n/a            0.500         4.000       3.500      SLICE_X41Y82    Blue/count_reg[12]/C
High Pulse Width  Slow    FDRE/C   n/a            0.500         4.000       3.500      SLICE_X41Y82    Blue/count_reg[13]/C
High Pulse Width  Fast    FDRE/C   n/a            0.500         4.000       3.500      SLICE_X41Y82    Blue/count_reg[13]/C



--------------------------------------------------------------------------------------
Path Group:  (none)
From Clock:  sys_clk_pin
  To Clock:  

Max Delay             3 Endpoints
Min Delay             3 Endpoints
--------------------------------------------------------------------------------------


Max Delay Paths
--------------------------------------------------------------------------------------
Slack:                    inf
  Source:                 Red/led_out_reg/C
                            (rising edge-triggered cell FDRE clocked by sys_clk_pin  {rise@0.000ns fall@4.000ns period=8.000ns})
  Destination:            rgb_out[0]
                            (output port)
  Path Group:             (none)
  Path Type:              Max at Slow Process Corner
  Data Path Delay:        6.146ns  (logic 3.982ns (64.792%)  route 2.164ns (35.208%))
  Logic Levels:           1  (OBUF=1)
  Clock Uncertainty:      0.025ns  ((TSJ^2 + TIJ^2)^1/2 + DJ) / 2 + PE
    Total System Jitter     (TSJ):    0.050ns
    Total Input Jitter      (TIJ):    0.000ns
    Discrete Jitter          (DJ):    0.000ns
    Phase Error              (PE):    0.000ns

    Location             Delay type                Incr(ns)  Path(ns)    Netlist Resource(s)
  -------------------------------------------------------------------    -------------------
                         (clock sys_clk_pin rise edge)
                                                      0.000     0.000 r  
    K17                                               0.000     0.000 r  sys_clk (IN)
                         net (fo=0)                   0.000     0.000    sys_clk
    K17                  IBUF (Prop_ibuf_I_O)         1.492     1.492 r  sys_clk_IBUF_inst/O
                         net (fo=1, routed)           2.076     3.568    sys_clk_IBUF
    BUFGCTRL_X0Y16       BUFG (Prop_bufg_I_O)         0.101     3.669 r  sys_clk_IBUF_BUFG_inst/O
                         net (fo=81, routed)          1.745     5.414    Red/sys_clk_IBUF_BUFG
    SLICE_X43Y30         FDRE                                         r  Red/led_out_reg/C
  -------------------------------------------------------------------    -------------------
    SLICE_X43Y30         FDRE (Prop_fdre_C_Q)         0.456     5.870 r  Red/led_out_reg/Q
                         net (fo=2, routed)           2.164     8.033    rgb_out_OBUF[0]
    V16                  OBUF (Prop_obuf_I_O)         3.526    11.559 r  rgb_out_OBUF[0]_inst/O
                         net (fo=0)                   0.000    11.559    rgb_out[0]
    V16                                                               r  rgb_out[0] (OUT)
  -------------------------------------------------------------------    -------------------

Slack:                    inf
  Source:                 Blue/led_out_reg/C
                            (rising edge-triggered cell FDRE clocked by sys_clk_pin  {rise@0.000ns fall@4.000ns period=8.000ns})
  Destination:            rgb_out[2]
                            (output port)
  Path Group:             (none)
  Path Type:              Max at Slow Process Corner
  Data Path Delay:        5.870ns  (logic 4.052ns (69.021%)  route 1.819ns (30.979%))
  Logic Levels:           1  (OBUF=1)
  Clock Uncertainty:      0.025ns  ((TSJ^2 + TIJ^2)^1/2 + DJ) / 2 + PE
    Total System Jitter     (TSJ):    0.050ns
    Total Input Jitter      (TIJ):    0.000ns
    Discrete Jitter          (DJ):    0.000ns
    Phase Error              (PE):    0.000ns

    Location             Delay type                Incr(ns)  Path(ns)    Netlist Resource(s)
  -------------------------------------------------------------------    -------------------
                         (clock sys_clk_pin rise edge)
                                                      0.000     0.000 r  
    K17                                               0.000     0.000 r  sys_clk (IN)
                         net (fo=0)                   0.000     0.000    sys_clk
    K17                  IBUF (Prop_ibuf_I_O)         1.492     1.492 r  sys_clk_IBUF_inst/O
                         net (fo=1, routed)           2.076     3.568    sys_clk_IBUF
    BUFGCTRL_X0Y16       BUFG (Prop_bufg_I_O)         0.101     3.669 r  sys_clk_IBUF_BUFG_inst/O
                         net (fo=81, routed)          1.731     5.400    Blue/sys_clk_IBUF_BUFG
    SLICE_X43Y82         FDRE                                         r  Blue/led_out_reg/C
  -------------------------------------------------------------------    -------------------
    SLICE_X43Y82         FDRE (Prop_fdre_C_Q)         0.456     5.856 r  Blue/led_out_reg/Q
                         net (fo=2, routed)           1.819     7.674    rgb_out_OBUF[2]
    M17                  OBUF (Prop_obuf_I_O)         3.596    11.270 r  rgb_out_OBUF[2]_inst/O
                         net (fo=0)                   0.000    11.270    rgb_out[2]
    M17                                                               r  rgb_out[2] (OUT)
  -------------------------------------------------------------------    -------------------

Slack:                    inf
  Source:                 Green/led_out_reg/C
                            (rising edge-triggered cell FDRE clocked by sys_clk_pin  {rise@0.000ns fall@4.000ns period=8.000ns})
  Destination:            rgb_out[1]
                            (output port)
  Path Group:             (none)
  Path Type:              Max at Slow Process Corner
  Data Path Delay:        5.692ns  (logic 3.967ns (69.699%)  route 1.725ns (30.301%))
  Logic Levels:           1  (OBUF=1)
  Clock Uncertainty:      0.025ns  ((TSJ^2 + TIJ^2)^1/2 + DJ) / 2 + PE
    Total System Jitter     (TSJ):    0.050ns
    Total Input Jitter      (TIJ):    0.000ns
    Discrete Jitter          (DJ):    0.000ns
    Phase Error              (PE):    0.000ns

    Location             Delay type                Incr(ns)  Path(ns)    Netlist Resource(s)
  -------------------------------------------------------------------    -------------------
                         (clock sys_clk_pin rise edge)
                                                      0.000     0.000 r  
    K17                                               0.000     0.000 r  sys_clk (IN)
                         net (fo=0)                   0.000     0.000    sys_clk
    K17                  IBUF (Prop_ibuf_I_O)         1.492     1.492 r  sys_clk_IBUF_inst/O
                         net (fo=1, routed)           2.076     3.568    sys_clk_IBUF
    BUFGCTRL_X0Y16       BUFG (Prop_bufg_I_O)         0.101     3.669 r  sys_clk_IBUF_BUFG_inst/O
                         net (fo=81, routed)          1.731     5.400    Green/sys_clk_IBUF_BUFG
    SLICE_X43Y82         FDRE                                         r  Green/led_out_reg/C
  -------------------------------------------------------------------    -------------------
    SLICE_X43Y82         FDRE (Prop_fdre_C_Q)         0.456     5.856 r  Green/led_out_reg/Q
                         net (fo=2, routed)           1.725     7.581    rgb_out_OBUF[1]
    F17                  OBUF (Prop_obuf_I_O)         3.511    11.092 r  rgb_out_OBUF[1]_inst/O
                         net (fo=0)                   0.000    11.092    rgb_out[1]
    F17                                                               r  rgb_out[1] (OUT)
  -------------------------------------------------------------------    -------------------





Min Delay Paths
--------------------------------------------------------------------------------------
Slack:                    inf
  Source:                 Green/led_out_reg/C
                            (rising edge-triggered cell FDRE clocked by sys_clk_pin  {rise@0.000ns fall@4.000ns period=8.000ns})
  Destination:            rgb_out[1]
                            (output port)
  Path Group:             (none)
  Path Type:              Min at Fast Process Corner
  Data Path Delay:        1.722ns  (logic 1.353ns (78.588%)  route 0.369ns (21.412%))
  Logic Levels:           1  (OBUF=1)
  Clock Uncertainty:      0.025ns  ((TSJ^2 + TIJ^2)^1/2 + DJ) / 2 + PE
    Total System Jitter     (TSJ):    0.050ns
    Total Input Jitter      (TIJ):    0.000ns
    Discrete Jitter          (DJ):    0.000ns
    Phase Error              (PE):    0.000ns

    Location             Delay type                Incr(ns)  Path(ns)    Netlist Resource(s)
  -------------------------------------------------------------------    -------------------
                         (clock sys_clk_pin rise edge)
                                                      0.000     0.000 r  
    K17                                               0.000     0.000 r  sys_clk (IN)
                         net (fo=0)                   0.000     0.000    sys_clk
    K17                  IBUF (Prop_ibuf_I_O)         0.259     0.259 r  sys_clk_IBUF_inst/O
                         net (fo=1, routed)           0.627     0.887    sys_clk_IBUF
    BUFGCTRL_X0Y16       BUFG (Prop_bufg_I_O)         0.026     0.913 r  sys_clk_IBUF_BUFG_inst/O
                         net (fo=81, routed)          0.582     1.494    Green/sys_clk_IBUF_BUFG
    SLICE_X43Y82         FDRE                                         r  Green/led_out_reg/C
  -------------------------------------------------------------------    -------------------
    SLICE_X43Y82         FDRE (Prop_fdre_C_Q)         0.141     1.635 r  Green/led_out_reg/Q
                         net (fo=2, routed)           0.369     2.004    rgb_out_OBUF[1]
    F17                  OBUF (Prop_obuf_I_O)         1.212     3.216 r  rgb_out_OBUF[1]_inst/O
                         net (fo=0)                   0.000     3.216    rgb_out[1]
    F17                                                               r  rgb_out[1] (OUT)
  -------------------------------------------------------------------    -------------------

Slack:                    inf
  Source:                 Blue/led_out_reg/C
                            (rising edge-triggered cell FDRE clocked by sys_clk_pin  {rise@0.000ns fall@4.000ns period=8.000ns})
  Destination:            rgb_out[2]
                            (output port)
  Path Group:             (none)
  Path Type:              Min at Fast Process Corner
  Data Path Delay:        1.840ns  (logic 1.437ns (78.075%)  route 0.404ns (21.925%))
  Logic Levels:           1  (OBUF=1)
  Clock Uncertainty:      0.025ns  ((TSJ^2 + TIJ^2)^1/2 + DJ) / 2 + PE
    Total System Jitter     (TSJ):    0.050ns
    Total Input Jitter      (TIJ):    0.000ns
    Discrete Jitter          (DJ):    0.000ns
    Phase Error              (PE):    0.000ns

    Location             Delay type                Incr(ns)  Path(ns)    Netlist Resource(s)
  -------------------------------------------------------------------    -------------------
                         (clock sys_clk_pin rise edge)
                                                      0.000     0.000 r  
    K17                                               0.000     0.000 r  sys_clk (IN)
                         net (fo=0)                   0.000     0.000    sys_clk
    K17                  IBUF (Prop_ibuf_I_O)         0.259     0.259 r  sys_clk_IBUF_inst/O
                         net (fo=1, routed)           0.627     0.887    sys_clk_IBUF
    BUFGCTRL_X0Y16       BUFG (Prop_bufg_I_O)         0.026     0.913 r  sys_clk_IBUF_BUFG_inst/O
                         net (fo=81, routed)          0.582     1.494    Blue/sys_clk_IBUF_BUFG
    SLICE_X43Y82         FDRE                                         r  Blue/led_out_reg/C
  -------------------------------------------------------------------    -------------------
    SLICE_X43Y82         FDRE (Prop_fdre_C_Q)         0.141     1.635 r  Blue/led_out_reg/Q
                         net (fo=2, routed)           0.404     2.039    rgb_out_OBUF[2]
    M17                  OBUF (Prop_obuf_I_O)         1.296     3.335 r  rgb_out_OBUF[2]_inst/O
                         net (fo=0)                   0.000     3.335    rgb_out[2]
    M17                                                               r  rgb_out[2] (OUT)
  -------------------------------------------------------------------    -------------------

Slack:                    inf
  Source:                 Red/led_out_reg/C
                            (rising edge-triggered cell FDRE clocked by sys_clk_pin  {rise@0.000ns fall@4.000ns period=8.000ns})
  Destination:            rgb_out[0]
                            (output port)
  Path Group:             (none)
  Path Type:              Min at Fast Process Corner
  Data Path Delay:        1.936ns  (logic 1.368ns (70.669%)  route 0.568ns (29.331%))
  Logic Levels:           1  (OBUF=1)
  Clock Uncertainty:      0.025ns  ((TSJ^2 + TIJ^2)^1/2 + DJ) / 2 + PE
    Total System Jitter     (TSJ):    0.050ns
    Total Input Jitter      (TIJ):    0.000ns
    Discrete Jitter          (DJ):    0.000ns
    Phase Error              (PE):    0.000ns

    Location             Delay type                Incr(ns)  Path(ns)    Netlist Resource(s)
  -------------------------------------------------------------------    -------------------
                         (clock sys_clk_pin rise edge)
                                                      0.000     0.000 r  
    K17                                               0.000     0.000 r  sys_clk (IN)
                         net (fo=0)                   0.000     0.000    sys_clk
    K17                  IBUF (Prop_ibuf_I_O)         0.259     0.259 r  sys_clk_IBUF_inst/O
                         net (fo=1, routed)           0.627     0.887    sys_clk_IBUF
    BUFGCTRL_X0Y16       BUFG (Prop_bufg_I_O)         0.026     0.913 r  sys_clk_IBUF_BUFG_inst/O
                         net (fo=81, routed)          0.586     1.498    Red/sys_clk_IBUF_BUFG
    SLICE_X43Y30         FDRE                                         r  Red/led_out_reg/C
  -------------------------------------------------------------------    -------------------
    SLICE_X43Y30         FDRE (Prop_fdre_C_Q)         0.141     1.639 r  Red/led_out_reg/Q
                         net (fo=2, routed)           0.568     2.207    rgb_out_OBUF[0]
    V16                  OBUF (Prop_obuf_I_O)         1.227     3.434 r  rgb_out_OBUF[0]_inst/O
                         net (fo=0)                   0.000     3.434    rgb_out[0]
    V16                                                               r  rgb_out[0] (OUT)
  -------------------------------------------------------------------    -------------------





--------------------------------------------------------------------------------------
Path Group:  (none)
From Clock:  
  To Clock:  sys_clk_pin

Max Delay            81 Endpoints
Min Delay            81 Endpoints
--------------------------------------------------------------------------------------


Max Delay Paths
--------------------------------------------------------------------------------------
Slack:                    inf
  Source:                 rst
                            (input port)
  Destination:            Red/count_reg[10]/R
                            (rising edge-triggered cell FDRE clocked by sys_clk_pin  {rise@0.000ns fall@4.000ns period=8.000ns})
  Path Group:             (none)
  Path Type:              Setup (Max at Slow Process Corner)
  Data Path Delay:        5.895ns  (logic 1.613ns (27.360%)  route 4.282ns (72.640%))
  Logic Levels:           2  (IBUF=1 LUT5=1)
  Clock Path Skew:        4.969ns (DCD - SCD + CPR)
    Destination Clock Delay (DCD):    4.969ns
    Source Clock Delay      (SCD):    0.000ns
    Clock Pessimism Removal (CPR):    0.000ns
  Clock Uncertainty:      0.025ns  ((TSJ^2 + TIJ^2)^1/2 + DJ) / 2 + PE
    Total System Jitter     (TSJ):    0.050ns
    Total Input Jitter      (TIJ):    0.000ns
    Discrete Jitter          (DJ):    0.000ns
    Phase Error              (PE):    0.000ns

    Location             Delay type                Incr(ns)  Path(ns)    Netlist Resource(s)
  -------------------------------------------------------------------    -------------------
    K18                                               0.000     0.000 r  rst (IN)
                         net (fo=0)                   0.000     0.000    rst
    K18                  IBUF (Prop_ibuf_I_O)         1.489     1.489 r  rst_IBUF_inst/O
                         net (fo=6, routed)           2.925     4.414    Red/rst_IBUF
    SLICE_X42Y30         LUT5 (Prop_lut5_I2_O)        0.124     4.538 r  Red/count[0]_i_1/O
                         net (fo=26, routed)          1.357     5.895    Red/count[0]_i_1_n_0
    SLICE_X43Y11         FDRE                                         r  Red/count_reg[10]/R
  -------------------------------------------------------------------    -------------------

                         (clock sys_clk_pin rise edge)
                                                      0.000     0.000 r  
    K17                                               0.000     0.000 r  sys_clk (IN)
                         net (fo=0)                   0.000     0.000    sys_clk
    K17                  IBUF (Prop_ibuf_I_O)         1.421     1.421 r  sys_clk_IBUF_inst/O
                         net (fo=1, routed)           1.880     3.301    sys_clk_IBUF
    BUFGCTRL_X0Y16       BUFG (Prop_bufg_I_O)         0.091     3.392 r  sys_clk_IBUF_BUFG_inst/O
                         net (fo=81, routed)          1.576     4.969    Red/sys_clk_IBUF_BUFG
    SLICE_X43Y11         FDRE                                         r  Red/count_reg[10]/C

Slack:                    inf
  Source:                 rst
                            (input port)
  Destination:            Red/count_reg[11]/R
                            (rising edge-triggered cell FDRE clocked by sys_clk_pin  {rise@0.000ns fall@4.000ns period=8.000ns})
  Path Group:             (none)
  Path Type:              Setup (Max at Slow Process Corner)
  Data Path Delay:        5.895ns  (logic 1.613ns (27.360%)  route 4.282ns (72.640%))
  Logic Levels:           2  (IBUF=1 LUT5=1)
  Clock Path Skew:        4.969ns (DCD - SCD + CPR)
    Destination Clock Delay (DCD):    4.969ns
    Source Clock Delay      (SCD):    0.000ns
    Clock Pessimism Removal (CPR):    0.000ns
  Clock Uncertainty:      0.025ns  ((TSJ^2 + TIJ^2)^1/2 + DJ) / 2 + PE
    Total System Jitter     (TSJ):    0.050ns
    Total Input Jitter      (TIJ):    0.000ns
    Discrete Jitter          (DJ):    0.000ns
    Phase Error              (PE):    0.000ns

    Location             Delay type                Incr(ns)  Path(ns)    Netlist Resource(s)
  -------------------------------------------------------------------    -------------------
    K18                                               0.000     0.000 r  rst (IN)
                         net (fo=0)                   0.000     0.000    rst
    K18                  IBUF (Prop_ibuf_I_O)         1.489     1.489 r  rst_IBUF_inst/O
                         net (fo=6, routed)           2.925     4.414    Red/rst_IBUF
    SLICE_X42Y30         LUT5 (Prop_lut5_I2_O)        0.124     4.538 r  Red/count[0]_i_1/O
                         net (fo=26, routed)          1.357     5.895    Red/count[0]_i_1_n_0
    SLICE_X43Y11         FDRE                                         r  Red/count_reg[11]/R
  -------------------------------------------------------------------    -------------------

                         (clock sys_clk_pin rise edge)
                                                      0.000     0.000 r  
    K17                                               0.000     0.000 r  sys_clk (IN)
                         net (fo=0)                   0.000     0.000    sys_clk
    K17                  IBUF (Prop_ibuf_I_O)         1.421     1.421 r  sys_clk_IBUF_inst/O
                         net (fo=1, routed)           1.880     3.301    sys_clk_IBUF
    BUFGCTRL_X0Y16       BUFG (Prop_bufg_I_O)         0.091     3.392 r  sys_clk_IBUF_BUFG_inst/O
                         net (fo=81, routed)          1.576     4.969    Red/sys_clk_IBUF_BUFG
    SLICE_X43Y11         FDRE                                         r  Red/count_reg[11]/C

Slack:                    inf
  Source:                 rst
                            (input port)
  Destination:            Red/count_reg[8]/R
                            (rising edge-triggered cell FDRE clocked by sys_clk_pin  {rise@0.000ns fall@4.000ns period=8.000ns})
  Path Group:             (none)
  Path Type:              Setup (Max at Slow Process Corner)
  Data Path Delay:        5.895ns  (logic 1.613ns (27.360%)  route 4.282ns (72.640%))
  Logic Levels:           2  (IBUF=1 LUT5=1)
  Clock Path Skew:        4.969ns (DCD - SCD + CPR)
    Destination Clock Delay (DCD):    4.969ns
    Source Clock Delay      (SCD):    0.000ns
    Clock Pessimism Removal (CPR):    0.000ns
  Clock Uncertainty:      0.025ns  ((TSJ^2 + TIJ^2)^1/2 + DJ) / 2 + PE
    Total System Jitter     (TSJ):    0.050ns
    Total Input Jitter      (TIJ):    0.000ns
    Discrete Jitter          (DJ):    0.000ns
    Phase Error              (PE):    0.000ns

    Location             Delay type                Incr(ns)  Path(ns)    Netlist Resource(s)
  -------------------------------------------------------------------    -------------------
    K18                                               0.000     0.000 r  rst (IN)
                         net (fo=0)                   0.000     0.000    rst
    K18                  IBUF (Prop_ibuf_I_O)         1.489     1.489 r  rst_IBUF_inst/O
                         net (fo=6, routed)           2.925     4.414    Red/rst_IBUF
    SLICE_X42Y30         LUT5 (Prop_lut5_I2_O)        0.124     4.538 r  Red/count[0]_i_1/O
                         net (fo=26, routed)          1.357     5.895    Red/count[0]_i_1_n_0
    SLICE_X43Y11         FDRE                                         r  Red/count_reg[8]/R
  -------------------------------------------------------------------    -------------------

                         (clock sys_clk_pin rise edge)
                                                      0.000     0.000 r  
    K17                                               0.000     0.000 r  sys_clk (IN)
                         net (fo=0)                   0.000     0.000    sys_clk
    K17                  IBUF (Prop_ibuf_I_O)         1.421     1.421 r  sys_clk_IBUF_inst/O
                         net (fo=1, routed)           1.880     3.301    sys_clk_IBUF
    BUFGCTRL_X0Y16       BUFG (Prop_bufg_I_O)         0.091     3.392 r  sys_clk_IBUF_BUFG_inst/O
                         net (fo=81, routed)          1.576     4.969    Red/sys_clk_IBUF_BUFG
    SLICE_X43Y11         FDRE                                         r  Red/count_reg[8]/C

Slack:                    inf
  Source:                 rst
                            (input port)
  Destination:            Red/count_reg[9]/R
                            (rising edge-triggered cell FDRE clocked by sys_clk_pin  {rise@0.000ns fall@4.000ns period=8.000ns})
  Path Group:             (none)
  Path Type:              Setup (Max at Slow Process Corner)
  Data Path Delay:        5.895ns  (logic 1.613ns (27.360%)  route 4.282ns (72.640%))
  Logic Levels:           2  (IBUF=1 LUT5=1)
  Clock Path Skew:        4.969ns (DCD - SCD + CPR)
    Destination Clock Delay (DCD):    4.969ns
    Source Clock Delay      (SCD):    0.000ns
    Clock Pessimism Removal (CPR):    0.000ns
  Clock Uncertainty:      0.025ns  ((TSJ^2 + TIJ^2)^1/2 + DJ) / 2 + PE
    Total System Jitter     (TSJ):    0.050ns
    Total Input Jitter      (TIJ):    0.000ns
    Discrete Jitter          (DJ):    0.000ns
    Phase Error              (PE):    0.000ns

    Location             Delay type                Incr(ns)  Path(ns)    Netlist Resource(s)
  -------------------------------------------------------------------    -------------------
    K18                                               0.000     0.000 r  rst (IN)
                         net (fo=0)                   0.000     0.000    rst
    K18                  IBUF (Prop_ibuf_I_O)         1.489     1.489 r  rst_IBUF_inst/O
                         net (fo=6, routed)           2.925     4.414    Red/rst_IBUF
    SLICE_X42Y30         LUT5 (Prop_lut5_I2_O)        0.124     4.538 r  Red/count[0]_i_1/O
                         net (fo=26, routed)          1.357     5.895    Red/count[0]_i_1_n_0
    SLICE_X43Y11         FDRE                                         r  Red/count_reg[9]/R
  -------------------------------------------------------------------    -------------------

                         (clock sys_clk_pin rise edge)
                                                      0.000     0.000 r  
    K17                                               0.000     0.000 r  sys_clk (IN)
                         net (fo=0)                   0.000     0.000    sys_clk
    K17                  IBUF (Prop_ibuf_I_O)         1.421     1.421 r  sys_clk_IBUF_inst/O
                         net (fo=1, routed)           1.880     3.301    sys_clk_IBUF
    BUFGCTRL_X0Y16       BUFG (Prop_bufg_I_O)         0.091     3.392 r  sys_clk_IBUF_BUFG_inst/O
                         net (fo=81, routed)          1.576     4.969    Red/sys_clk_IBUF_BUFG
    SLICE_X43Y11         FDRE                                         r  Red/count_reg[9]/C

Slack:                    inf
  Source:                 sw[1]
                            (input port)
  Destination:            Green/count_reg[12]/R
                            (rising edge-triggered cell FDRE clocked by sys_clk_pin  {rise@0.000ns fall@4.000ns period=8.000ns})
  Path Group:             (none)
  Path Type:              Setup (Max at Slow Process Corner)
  Data Path Delay:        5.866ns  (logic 1.575ns (26.844%)  route 4.292ns (73.156%))
  Logic Levels:           2  (IBUF=1 LUT5=1)
  Clock Path Skew:        4.950ns (DCD - SCD + CPR)
    Destination Clock Delay (DCD):    4.950ns
    Source Clock Delay      (SCD):    0.000ns
    Clock Pessimism Removal (CPR):    0.000ns
  Clock Uncertainty:      0.025ns  ((TSJ^2 + TIJ^2)^1/2 + DJ) / 2 + PE
    Total System Jitter     (TSJ):    0.050ns
    Total Input Jitter      (TIJ):    0.000ns
    Discrete Jitter          (DJ):    0.000ns
    Phase Error              (PE):    0.000ns

    Location             Delay type                Incr(ns)  Path(ns)    Netlist Resource(s)
  -------------------------------------------------------------------    -------------------
    P15                                               0.000     0.000 f  sw[1] (IN)
                         net (fo=0)                   0.000     0.000    sw[1]
    P15                  IBUF (Prop_ibuf_I_O)         1.451     1.451 f  sw_IBUF[1]_inst/O
                         net (fo=6, routed)           3.633     5.084    Green/sw_IBUF[1]
    SLICE_X43Y82         LUT5 (Prop_lut5_I3_O)        0.124     5.208 r  Green/count[0]_i_1__0/O
                         net (fo=26, routed)          0.658     5.866    Green/count[0]_i_1__0_n_0
    SLICE_X42Y86         FDRE                                         r  Green/count_reg[12]/R
  -------------------------------------------------------------------    -------------------

                         (clock sys_clk_pin rise edge)
                                                      0.000     0.000 r  
    K17                                               0.000     0.000 r  sys_clk (IN)
                         net (fo=0)                   0.000     0.000    sys_clk
    K17                  IBUF (Prop_ibuf_I_O)         1.421     1.421 r  sys_clk_IBUF_inst/O
                         net (fo=1, routed)           1.880     3.301    sys_clk_IBUF
    BUFGCTRL_X0Y16       BUFG (Prop_bufg_I_O)         0.091     3.392 r  sys_clk_IBUF_BUFG_inst/O
                         net (fo=81, routed)          1.558     4.950    Green/sys_clk_IBUF_BUFG
    SLICE_X42Y86         FDRE                                         r  Green/count_reg[12]/C

Slack:                    inf
  Source:                 sw[1]
                            (input port)
  Destination:            Green/count_reg[13]/R
                            (rising edge-triggered cell FDRE clocked by sys_clk_pin  {rise@0.000ns fall@4.000ns period=8.000ns})
  Path Group:             (none)
  Path Type:              Setup (Max at Slow Process Corner)
  Data Path Delay:        5.866ns  (logic 1.575ns (26.844%)  route 4.292ns (73.156%))
  Logic Levels:           2  (IBUF=1 LUT5=1)
  Clock Path Skew:        4.950ns (DCD - SCD + CPR)
    Destination Clock Delay (DCD):    4.950ns
    Source Clock Delay      (SCD):    0.000ns
    Clock Pessimism Removal (CPR):    0.000ns
  Clock Uncertainty:      0.025ns  ((TSJ^2 + TIJ^2)^1/2 + DJ) / 2 + PE
    Total System Jitter     (TSJ):    0.050ns
    Total Input Jitter      (TIJ):    0.000ns
    Discrete Jitter          (DJ):    0.000ns
    Phase Error              (PE):    0.000ns

    Location             Delay type                Incr(ns)  Path(ns)    Netlist Resource(s)
  -------------------------------------------------------------------    -------------------
    P15                                               0.000     0.000 f  sw[1] (IN)
                         net (fo=0)                   0.000     0.000    sw[1]
    P15                  IBUF (Prop_ibuf_I_O)         1.451     1.451 f  sw_IBUF[1]_inst/O
                         net (fo=6, routed)           3.633     5.084    Green/sw_IBUF[1]
    SLICE_X43Y82         LUT5 (Prop_lut5_I3_O)        0.124     5.208 r  Green/count[0]_i_1__0/O
                         net (fo=26, routed)          0.658     5.866    Green/count[0]_i_1__0_n_0
    SLICE_X42Y86         FDRE                                         r  Green/count_reg[13]/R
  -------------------------------------------------------------------    -------------------

                         (clock sys_clk_pin rise edge)
                                                      0.000     0.000 r  
    K17                                               0.000     0.000 r  sys_clk (IN)
                         net (fo=0)                   0.000     0.000    sys_clk
    K17                  IBUF (Prop_ibuf_I_O)         1.421     1.421 r  sys_clk_IBUF_inst/O
                         net (fo=1, routed)           1.880     3.301    sys_clk_IBUF
    BUFGCTRL_X0Y16       BUFG (Prop_bufg_I_O)         0.091     3.392 r  sys_clk_IBUF_BUFG_inst/O
                         net (fo=81, routed)          1.558     4.950    Green/sys_clk_IBUF_BUFG
    SLICE_X42Y86         FDRE                                         r  Green/count_reg[13]/C

Slack:                    inf
  Source:                 sw[1]
                            (input port)
  Destination:            Green/count_reg[14]/R
                            (rising edge-triggered cell FDRE clocked by sys_clk_pin  {rise@0.000ns fall@4.000ns period=8.000ns})
  Path Group:             (none)
  Path Type:              Setup (Max at Slow Process Corner)
  Data Path Delay:        5.866ns  (logic 1.575ns (26.844%)  route 4.292ns (73.156%))
  Logic Levels:           2  (IBUF=1 LUT5=1)
  Clock Path Skew:        4.950ns (DCD - SCD + CPR)
    Destination Clock Delay (DCD):    4.950ns
    Source Clock Delay      (SCD):    0.000ns
    Clock Pessimism Removal (CPR):    0.000ns
  Clock Uncertainty:      0.025ns  ((TSJ^2 + TIJ^2)^1/2 + DJ) / 2 + PE
    Total System Jitter     (TSJ):    0.050ns
    Total Input Jitter      (TIJ):    0.000ns
    Discrete Jitter          (DJ):    0.000ns
    Phase Error              (PE):    0.000ns

    Location             Delay type                Incr(ns)  Path(ns)    Netlist Resource(s)
  -------------------------------------------------------------------    -------------------
    P15                                               0.000     0.000 f  sw[1] (IN)
                         net (fo=0)                   0.000     0.000    sw[1]
    P15                  IBUF (Prop_ibuf_I_O)         1.451     1.451 f  sw_IBUF[1]_inst/O
                         net (fo=6, routed)           3.633     5.084    Green/sw_IBUF[1]
    SLICE_X43Y82         LUT5 (Prop_lut5_I3_O)        0.124     5.208 r  Green/count[0]_i_1__0/O
                         net (fo=26, routed)          0.658     5.866    Green/count[0]_i_1__0_n_0
    SLICE_X42Y86         FDRE                                         r  Green/count_reg[14]/R
  -------------------------------------------------------------------    -------------------

                         (clock sys_clk_pin rise edge)
                                                      0.000     0.000 r  
    K17                                               0.000     0.000 r  sys_clk (IN)
                         net (fo=0)                   0.000     0.000    sys_clk
    K17                  IBUF (Prop_ibuf_I_O)         1.421     1.421 r  sys_clk_IBUF_inst/O
                         net (fo=1, routed)           1.880     3.301    sys_clk_IBUF
    BUFGCTRL_X0Y16       BUFG (Prop_bufg_I_O)         0.091     3.392 r  sys_clk_IBUF_BUFG_inst/O
                         net (fo=81, routed)          1.558     4.950    Green/sys_clk_IBUF_BUFG
    SLICE_X42Y86         FDRE                                         r  Green/count_reg[14]/C

Slack:                    inf
  Source:                 sw[1]
                            (input port)
  Destination:            Green/count_reg[15]/R
                            (rising edge-triggered cell FDRE clocked by sys_clk_pin  {rise@0.000ns fall@4.000ns period=8.000ns})
  Path Group:             (none)
  Path Type:              Setup (Max at Slow Process Corner)
  Data Path Delay:        5.866ns  (logic 1.575ns (26.844%)  route 4.292ns (73.156%))
  Logic Levels:           2  (IBUF=1 LUT5=1)
  Clock Path Skew:        4.950ns (DCD - SCD + CPR)
    Destination Clock Delay (DCD):    4.950ns
    Source Clock Delay      (SCD):    0.000ns
    Clock Pessimism Removal (CPR):    0.000ns
  Clock Uncertainty:      0.025ns  ((TSJ^2 + TIJ^2)^1/2 + DJ) / 2 + PE
    Total System Jitter     (TSJ):    0.050ns
    Total Input Jitter      (TIJ):    0.000ns
    Discrete Jitter          (DJ):    0.000ns
    Phase Error              (PE):    0.000ns

    Location             Delay type                Incr(ns)  Path(ns)    Netlist Resource(s)
  -------------------------------------------------------------------    -------------------
    P15                                               0.000     0.000 f  sw[1] (IN)
                         net (fo=0)                   0.000     0.000    sw[1]
    P15                  IBUF (Prop_ibuf_I_O)         1.451     1.451 f  sw_IBUF[1]_inst/O
                         net (fo=6, routed)           3.633     5.084    Green/sw_IBUF[1]
    SLICE_X43Y82         LUT5 (Prop_lut5_I3_O)        0.124     5.208 r  Green/count[0]_i_1__0/O
                         net (fo=26, routed)          0.658     5.866    Green/count[0]_i_1__0_n_0
    SLICE_X42Y86         FDRE                                         r  Green/count_reg[15]/R
  -------------------------------------------------------------------    -------------------

                         (clock sys_clk_pin rise edge)
                                                      0.000     0.000 r  
    K17                                               0.000     0.000 r  sys_clk (IN)
                         net (fo=0)                   0.000     0.000    sys_clk
    K17                  IBUF (Prop_ibuf_I_O)         1.421     1.421 r  sys_clk_IBUF_inst/O
                         net (fo=1, routed)           1.880     3.301    sys_clk_IBUF
    BUFGCTRL_X0Y16       BUFG (Prop_bufg_I_O)         0.091     3.392 r  sys_clk_IBUF_BUFG_inst/O
                         net (fo=81, routed)          1.558     4.950    Green/sys_clk_IBUF_BUFG
    SLICE_X42Y86         FDRE                                         r  Green/count_reg[15]/C

Slack:                    inf
  Source:                 sw[1]
                            (input port)
  Destination:            Blue/count_reg[24]/R
                            (rising edge-triggered cell FDRE clocked by sys_clk_pin  {rise@0.000ns fall@4.000ns period=8.000ns})
  Path Group:             (none)
  Path Type:              Setup (Max at Slow Process Corner)
  Data Path Delay:        5.828ns  (logic 1.575ns (27.020%)  route 4.253ns (72.980%))
  Logic Levels:           2  (IBUF=1 LUT5=1)
  Clock Path Skew:        4.950ns (DCD - SCD + CPR)
    Destination Clock Delay (DCD):    4.950ns
    Source Clock Delay      (SCD):    0.000ns
    Clock Pessimism Removal (CPR):    0.000ns
  Clock Uncertainty:      0.025ns  ((TSJ^2 + TIJ^2)^1/2 + DJ) / 2 + PE
    Total System Jitter     (TSJ):    0.050ns
    Total Input Jitter      (TIJ):    0.000ns
    Discrete Jitter          (DJ):    0.000ns
    Phase Error              (PE):    0.000ns

    Location             Delay type                Incr(ns)  Path(ns)    Netlist Resource(s)
  -------------------------------------------------------------------    -------------------
    P15                                               0.000     0.000 r  sw[1] (IN)
                         net (fo=0)                   0.000     0.000    sw[1]
    P15                  IBUF (Prop_ibuf_I_O)         1.451     1.451 r  sw_IBUF[1]_inst/O
                         net (fo=6, routed)           3.368     4.819    Blue/sw_IBUF[1]
    SLICE_X42Y82         LUT5 (Prop_lut5_I3_O)        0.124     4.943 r  Blue/count[0]_i_1__1/O
                         net (fo=26, routed)          0.885     5.828    Blue/count[0]_i_1__1_n_0
    SLICE_X41Y85         FDRE                                         r  Blue/count_reg[24]/R
  -------------------------------------------------------------------    -------------------

                         (clock sys_clk_pin rise edge)
                                                      0.000     0.000 r  
    K17                                               0.000     0.000 r  sys_clk (IN)
                         net (fo=0)                   0.000     0.000    sys_clk
    K17                  IBUF (Prop_ibuf_I_O)         1.421     1.421 r  sys_clk_IBUF_inst/O
                         net (fo=1, routed)           1.880     3.301    sys_clk_IBUF
    BUFGCTRL_X0Y16       BUFG (Prop_bufg_I_O)         0.091     3.392 r  sys_clk_IBUF_BUFG_inst/O
                         net (fo=81, routed)          1.558     4.950    Blue/sys_clk_IBUF_BUFG
    SLICE_X41Y85         FDRE                                         r  Blue/count_reg[24]/C

Slack:                    inf
  Source:                 sw[1]
                            (input port)
  Destination:            Blue/count_reg[25]/R
                            (rising edge-triggered cell FDRE clocked by sys_clk_pin  {rise@0.000ns fall@4.000ns period=8.000ns})
  Path Group:             (none)
  Path Type:              Setup (Max at Slow Process Corner)
  Data Path Delay:        5.828ns  (logic 1.575ns (27.020%)  route 4.253ns (72.980%))
  Logic Levels:           2  (IBUF=1 LUT5=1)
  Clock Path Skew:        4.950ns (DCD - SCD + CPR)
    Destination Clock Delay (DCD):    4.950ns
    Source Clock Delay      (SCD):    0.000ns
    Clock Pessimism Removal (CPR):    0.000ns
  Clock Uncertainty:      0.025ns  ((TSJ^2 + TIJ^2)^1/2 + DJ) / 2 + PE
    Total System Jitter     (TSJ):    0.050ns
    Total Input Jitter      (TIJ):    0.000ns
    Discrete Jitter          (DJ):    0.000ns
    Phase Error              (PE):    0.000ns

    Location             Delay type                Incr(ns)  Path(ns)    Netlist Resource(s)
  -------------------------------------------------------------------    -------------------
    P15                                               0.000     0.000 r  sw[1] (IN)
                         net (fo=0)                   0.000     0.000    sw[1]
    P15                  IBUF (Prop_ibuf_I_O)         1.451     1.451 r  sw_IBUF[1]_inst/O
                         net (fo=6, routed)           3.368     4.819    Blue/sw_IBUF[1]
    SLICE_X42Y82         LUT5 (Prop_lut5_I3_O)        0.124     4.943 r  Blue/count[0]_i_1__1/O
                         net (fo=26, routed)          0.885     5.828    Blue/count[0]_i_1__1_n_0
    SLICE_X41Y85         FDRE                                         r  Blue/count_reg[25]/R
  -------------------------------------------------------------------    -------------------

                         (clock sys_clk_pin rise edge)
                                                      0.000     0.000 r  
    K17                                               0.000     0.000 r  sys_clk (IN)
                         net (fo=0)                   0.000     0.000    sys_clk
    K17                  IBUF (Prop_ibuf_I_O)         1.421     1.421 r  sys_clk_IBUF_inst/O
                         net (fo=1, routed)           1.880     3.301    sys_clk_IBUF
    BUFGCTRL_X0Y16       BUFG (Prop_bufg_I_O)         0.091     3.392 r  sys_clk_IBUF_BUFG_inst/O
                         net (fo=81, routed)          1.558     4.950    Blue/sys_clk_IBUF_BUFG
    SLICE_X41Y85         FDRE                                         r  Blue/count_reg[25]/C





Min Delay Paths
--------------------------------------------------------------------------------------
Slack:                    inf
  Source:                 rst
                            (input port)
  Destination:            Green/led_out_reg/D
                            (rising edge-triggered cell FDRE clocked by sys_clk_pin  {rise@0.000ns fall@4.000ns period=8.000ns})
  Path Group:             (none)
  Path Type:              Hold (Min at Fast Process Corner)
  Data Path Delay:        0.803ns  (logic 0.302ns (37.544%)  route 0.502ns (62.456%))
  Logic Levels:           2  (IBUF=1 LUT6=1)
  Clock Path Skew:        2.009ns (DCD - SCD - CPR)
    Destination Clock Delay (DCD):    2.009ns
    Source Clock Delay      (SCD):    0.000ns
    Clock Pessimism Removal (CPR):    -0.000ns

    Location             Delay type                Incr(ns)  Path(ns)    Netlist Resource(s)
  -------------------------------------------------------------------    -------------------
    K18                                               0.000     0.000 f  rst (IN)
                         net (fo=0)                   0.000     0.000    rst
    K18                  IBUF (Prop_ibuf_I_O)         0.257     0.257 f  rst_IBUF_inst/O
                         net (fo=6, routed)           0.502     0.758    Green/rst_IBUF
    SLICE_X43Y82         LUT6 (Prop_lut6_I4_O)        0.045     0.803 r  Green/led_out_i_1__0/O
                         net (fo=1, routed)           0.000     0.803    Green/led_out_i_1__0_n_0
    SLICE_X43Y82         FDRE                                         r  Green/led_out_reg/D
  -------------------------------------------------------------------    -------------------

                         (clock sys_clk_pin rise edge)
                                                      0.000     0.000 r  
    K17                                               0.000     0.000 r  sys_clk (IN)
                         net (fo=0)                   0.000     0.000    sys_clk
    K17                  IBUF (Prop_ibuf_I_O)         0.447     0.447 r  sys_clk_IBUF_inst/O
                         net (fo=1, routed)           0.683     1.130    sys_clk_IBUF
    BUFGCTRL_X0Y16       BUFG (Prop_bufg_I_O)         0.029     1.159 r  sys_clk_IBUF_BUFG_inst/O
                         net (fo=81, routed)          0.850     2.009    Green/sys_clk_IBUF_BUFG
    SLICE_X43Y82         FDRE                                         r  Green/led_out_reg/C

Slack:                    inf
  Source:                 sw[2]
                            (input port)
  Destination:            Red/led_out_reg/D
                            (rising edge-triggered cell FDRE clocked by sys_clk_pin  {rise@0.000ns fall@4.000ns period=8.000ns})
  Path Group:             (none)
  Path Type:              Hold (Min at Fast Process Corner)
  Data Path Delay:        0.857ns  (logic 0.351ns (41.020%)  route 0.505ns (58.980%))
  Logic Levels:           2  (IBUF=1 LUT6=1)
  Clock Path Skew:        2.012ns (DCD - SCD - CPR)
    Destination Clock Delay (DCD):    2.012ns
    Source Clock Delay      (SCD):    0.000ns
    Clock Pessimism Removal (CPR):    -0.000ns

    Location             Delay type                Incr(ns)  Path(ns)    Netlist Resource(s)
  -------------------------------------------------------------------    -------------------
    W13                                               0.000     0.000 f  sw[2] (IN)
                         net (fo=0)                   0.000     0.000    sw[2]
    W13                  IBUF (Prop_ibuf_I_O)         0.306     0.306 f  sw_IBUF[2]_inst/O
                         net (fo=6, routed)           0.505     0.812    Red/sw_IBUF[2]
    SLICE_X43Y30         LUT6 (Prop_lut6_I5_O)        0.045     0.857 r  Red/led_out_i_1/O
                         net (fo=1, routed)           0.000     0.857    Red/led_out_i_1_n_0
    SLICE_X43Y30         FDRE                                         r  Red/led_out_reg/D
  -------------------------------------------------------------------    -------------------

                         (clock sys_clk_pin rise edge)
                                                      0.000     0.000 r  
    K17                                               0.000     0.000 r  sys_clk (IN)
                         net (fo=0)                   0.000     0.000    sys_clk
    K17                  IBUF (Prop_ibuf_I_O)         0.447     0.447 r  sys_clk_IBUF_inst/O
                         net (fo=1, routed)           0.683     1.130    sys_clk_IBUF
    BUFGCTRL_X0Y16       BUFG (Prop_bufg_I_O)         0.029     1.159 r  sys_clk_IBUF_BUFG_inst/O
                         net (fo=81, routed)          0.853     2.012    Red/sys_clk_IBUF_BUFG
    SLICE_X43Y30         FDRE                                         r  Red/led_out_reg/C

Slack:                    inf
  Source:                 rst
                            (input port)
  Destination:            Blue/led_out_reg/D
                            (rising edge-triggered cell FDRE clocked by sys_clk_pin  {rise@0.000ns fall@4.000ns period=8.000ns})
  Path Group:             (none)
  Path Type:              Hold (Min at Fast Process Corner)
  Data Path Delay:        0.939ns  (logic 0.302ns (32.109%)  route 0.638ns (67.891%))
  Logic Levels:           2  (IBUF=1 LUT6=1)
  Clock Path Skew:        2.009ns (DCD - SCD - CPR)
    Destination Clock Delay (DCD):    2.009ns
    Source Clock Delay      (SCD):    0.000ns
    Clock Pessimism Removal (CPR):    -0.000ns

    Location             Delay type                Incr(ns)  Path(ns)    Netlist Resource(s)
  -------------------------------------------------------------------    -------------------
    K18                                               0.000     0.000 f  rst (IN)
                         net (fo=0)                   0.000     0.000    rst
    K18                  IBUF (Prop_ibuf_I_O)         0.257     0.257 f  rst_IBUF_inst/O
                         net (fo=6, routed)           0.638     0.894    Blue/rst_IBUF
    SLICE_X43Y82         LUT6 (Prop_lut6_I4_O)        0.045     0.939 r  Blue/led_out_i_1__1/O
                         net (fo=1, routed)           0.000     0.939    Blue/led_out_i_1__1_n_0
    SLICE_X43Y82         FDRE                                         r  Blue/led_out_reg/D
  -------------------------------------------------------------------    -------------------

                         (clock sys_clk_pin rise edge)
                                                      0.000     0.000 r  
    K17                                               0.000     0.000 r  sys_clk (IN)
                         net (fo=0)                   0.000     0.000    sys_clk
    K17                  IBUF (Prop_ibuf_I_O)         0.447     0.447 r  sys_clk_IBUF_inst/O
                         net (fo=1, routed)           0.683     1.130    sys_clk_IBUF
    BUFGCTRL_X0Y16       BUFG (Prop_bufg_I_O)         0.029     1.159 r  sys_clk_IBUF_BUFG_inst/O
                         net (fo=81, routed)          0.850     2.009    Blue/sys_clk_IBUF_BUFG
    SLICE_X43Y82         FDRE                                         r  Blue/led_out_reg/C

Slack:                    inf
  Source:                 rst
                            (input port)
  Destination:            Green/count_reg[0]/R
                            (rising edge-triggered cell FDRE clocked by sys_clk_pin  {rise@0.000ns fall@4.000ns period=8.000ns})
  Path Group:             (none)
  Path Type:              Hold (Min at Fast Process Corner)
  Data Path Delay:        1.095ns  (logic 0.302ns (27.544%)  route 0.793ns (72.456%))
  Logic Levels:           2  (IBUF=1 LUT5=1)
  Clock Path Skew:        2.010ns (DCD - SCD - CPR)
    Destination Clock Delay (DCD):    2.010ns
    Source Clock Delay      (SCD):    0.000ns
    Clock Pessimism Removal (CPR):    -0.000ns

    Location             Delay type                Incr(ns)  Path(ns)    Netlist Resource(s)
  -------------------------------------------------------------------    -------------------
    K18                                               0.000     0.000 r  rst (IN)
                         net (fo=0)                   0.000     0.000    rst
    K18                  IBUF (Prop_ibuf_I_O)         0.257     0.257 r  rst_IBUF_inst/O
                         net (fo=6, routed)           0.641     0.897    Green/rst_IBUF
    SLICE_X43Y82         LUT5 (Prop_lut5_I1_O)        0.045     0.942 r  Green/count[0]_i_1__0/O
                         net (fo=26, routed)          0.153     1.095    Green/count[0]_i_1__0_n_0
    SLICE_X42Y83         FDRE                                         r  Green/count_reg[0]/R
  -------------------------------------------------------------------    -------------------

                         (clock sys_clk_pin rise edge)
                                                      0.000     0.000 r  
    K17                                               0.000     0.000 r  sys_clk (IN)
                         net (fo=0)                   0.000     0.000    sys_clk
    K17                  IBUF (Prop_ibuf_I_O)         0.447     0.447 r  sys_clk_IBUF_inst/O
                         net (fo=1, routed)           0.683     1.130    sys_clk_IBUF
    BUFGCTRL_X0Y16       BUFG (Prop_bufg_I_O)         0.029     1.159 r  sys_clk_IBUF_BUFG_inst/O
                         net (fo=81, routed)          0.851     2.010    Green/sys_clk_IBUF_BUFG
    SLICE_X42Y83         FDRE                                         r  Green/count_reg[0]/C

Slack:                    inf
  Source:                 rst
                            (input port)
  Destination:            Green/count_reg[1]/R
                            (rising edge-triggered cell FDRE clocked by sys_clk_pin  {rise@0.000ns fall@4.000ns period=8.000ns})
  Path Group:             (none)
  Path Type:              Hold (Min at Fast Process Corner)
  Data Path Delay:        1.095ns  (logic 0.302ns (27.544%)  route 0.793ns (72.456%))
  Logic Levels:           2  (IBUF=1 LUT5=1)
  Clock Path Skew:        2.010ns (DCD - SCD - CPR)
    Destination Clock Delay (DCD):    2.010ns
    Source Clock Delay      (SCD):    0.000ns
    Clock Pessimism Removal (CPR):    -0.000ns

    Location             Delay type                Incr(ns)  Path(ns)    Netlist Resource(s)
  -------------------------------------------------------------------    -------------------
    K18                                               0.000     0.000 r  rst (IN)
                         net (fo=0)                   0.000     0.000    rst
    K18                  IBUF (Prop_ibuf_I_O)         0.257     0.257 r  rst_IBUF_inst/O
                         net (fo=6, routed)           0.641     0.897    Green/rst_IBUF
    SLICE_X43Y82         LUT5 (Prop_lut5_I1_O)        0.045     0.942 r  Green/count[0]_i_1__0/O
                         net (fo=26, routed)          0.153     1.095    Green/count[0]_i_1__0_n_0
    SLICE_X42Y83         FDRE                                         r  Green/count_reg[1]/R
  -------------------------------------------------------------------    -------------------

                         (clock sys_clk_pin rise edge)
                                                      0.000     0.000 r  
    K17                                               0.000     0.000 r  sys_clk (IN)
                         net (fo=0)                   0.000     0.000    sys_clk
    K17                  IBUF (Prop_ibuf_I_O)         0.447     0.447 r  sys_clk_IBUF_inst/O
                         net (fo=1, routed)           0.683     1.130    sys_clk_IBUF
    BUFGCTRL_X0Y16       BUFG (Prop_bufg_I_O)         0.029     1.159 r  sys_clk_IBUF_BUFG_inst/O
                         net (fo=81, routed)          0.851     2.010    Green/sys_clk_IBUF_BUFG
    SLICE_X42Y83         FDRE                                         r  Green/count_reg[1]/C

Slack:                    inf
  Source:                 rst
                            (input port)
  Destination:            Green/count_reg[2]/R
                            (rising edge-triggered cell FDRE clocked by sys_clk_pin  {rise@0.000ns fall@4.000ns period=8.000ns})
  Path Group:             (none)
  Path Type:              Hold (Min at Fast Process Corner)
  Data Path Delay:        1.095ns  (logic 0.302ns (27.544%)  route 0.793ns (72.456%))
  Logic Levels:           2  (IBUF=1 LUT5=1)
  Clock Path Skew:        2.010ns (DCD - SCD - CPR)
    Destination Clock Delay (DCD):    2.010ns
    Source Clock Delay      (SCD):    0.000ns
    Clock Pessimism Removal (CPR):    -0.000ns

    Location             Delay type                Incr(ns)  Path(ns)    Netlist Resource(s)
  -------------------------------------------------------------------    -------------------
    K18                                               0.000     0.000 r  rst (IN)
                         net (fo=0)                   0.000     0.000    rst
    K18                  IBUF (Prop_ibuf_I_O)         0.257     0.257 r  rst_IBUF_inst/O
                         net (fo=6, routed)           0.641     0.897    Green/rst_IBUF
    SLICE_X43Y82         LUT5 (Prop_lut5_I1_O)        0.045     0.942 r  Green/count[0]_i_1__0/O
                         net (fo=26, routed)          0.153     1.095    Green/count[0]_i_1__0_n_0
    SLICE_X42Y83         FDRE                                         r  Green/count_reg[2]/R
  -------------------------------------------------------------------    -------------------

                         (clock sys_clk_pin rise edge)
                                                      0.000     0.000 r  
    K17                                               0.000     0.000 r  sys_clk (IN)
                         net (fo=0)                   0.000     0.000    sys_clk
    K17                  IBUF (Prop_ibuf_I_O)         0.447     0.447 r  sys_clk_IBUF_inst/O
                         net (fo=1, routed)           0.683     1.130    sys_clk_IBUF
    BUFGCTRL_X0Y16       BUFG (Prop_bufg_I_O)         0.029     1.159 r  sys_clk_IBUF_BUFG_inst/O
                         net (fo=81, routed)          0.851     2.010    Green/sys_clk_IBUF_BUFG
    SLICE_X42Y83         FDRE                                         r  Green/count_reg[2]/C

Slack:                    inf
  Source:                 rst
                            (input port)
  Destination:            Green/count_reg[3]/R
                            (rising edge-triggered cell FDRE clocked by sys_clk_pin  {rise@0.000ns fall@4.000ns period=8.000ns})
  Path Group:             (none)
  Path Type:              Hold (Min at Fast Process Corner)
  Data Path Delay:        1.095ns  (logic 0.302ns (27.544%)  route 0.793ns (72.456%))
  Logic Levels:           2  (IBUF=1 LUT5=1)
  Clock Path Skew:        2.010ns (DCD - SCD - CPR)
    Destination Clock Delay (DCD):    2.010ns
    Source Clock Delay      (SCD):    0.000ns
    Clock Pessimism Removal (CPR):    -0.000ns

    Location             Delay type                Incr(ns)  Path(ns)    Netlist Resource(s)
  -------------------------------------------------------------------    -------------------
    K18                                               0.000     0.000 r  rst (IN)
                         net (fo=0)                   0.000     0.000    rst
    K18                  IBUF (Prop_ibuf_I_O)         0.257     0.257 r  rst_IBUF_inst/O
                         net (fo=6, routed)           0.641     0.897    Green/rst_IBUF
    SLICE_X43Y82         LUT5 (Prop_lut5_I1_O)        0.045     0.942 r  Green/count[0]_i_1__0/O
                         net (fo=26, routed)          0.153     1.095    Green/count[0]_i_1__0_n_0
    SLICE_X42Y83         FDRE                                         r  Green/count_reg[3]/R
  -------------------------------------------------------------------    -------------------

                         (clock sys_clk_pin rise edge)
                                                      0.000     0.000 r  
    K17                                               0.000     0.000 r  sys_clk (IN)
                         net (fo=0)                   0.000     0.000    sys_clk
    K17                  IBUF (Prop_ibuf_I_O)         0.447     0.447 r  sys_clk_IBUF_inst/O
                         net (fo=1, routed)           0.683     1.130    sys_clk_IBUF
    BUFGCTRL_X0Y16       BUFG (Prop_bufg_I_O)         0.029     1.159 r  sys_clk_IBUF_BUFG_inst/O
                         net (fo=81, routed)          0.851     2.010    Green/sys_clk_IBUF_BUFG
    SLICE_X42Y83         FDRE                                         r  Green/count_reg[3]/C

Slack:                    inf
  Source:                 rst
                            (input port)
  Destination:            Blue/count_reg[12]/R
                            (rising edge-triggered cell FDRE clocked by sys_clk_pin  {rise@0.000ns fall@4.000ns period=8.000ns})
  Path Group:             (none)
  Path Type:              Hold (Min at Fast Process Corner)
  Data Path Delay:        1.130ns  (logic 0.302ns (26.681%)  route 0.829ns (73.319%))
  Logic Levels:           2  (IBUF=1 LUT5=1)
  Clock Path Skew:        2.009ns (DCD - SCD - CPR)
    Destination Clock Delay (DCD):    2.009ns
    Source Clock Delay      (SCD):    0.000ns
    Clock Pessimism Removal (CPR):    -0.000ns

    Location             Delay type                Incr(ns)  Path(ns)    Netlist Resource(s)
  -------------------------------------------------------------------    -------------------
    K18                                               0.000     0.000 r  rst (IN)
                         net (fo=0)                   0.000     0.000    rst
    K18                  IBUF (Prop_ibuf_I_O)         0.257     0.257 r  rst_IBUF_inst/O
                         net (fo=6, routed)           0.642     0.898    Blue/rst_IBUF
    SLICE_X42Y82         LUT5 (Prop_lut5_I1_O)        0.045     0.943 r  Blue/count[0]_i_1__1/O
                         net (fo=26, routed)          0.187     1.130    Blue/count[0]_i_1__1_n_0
    SLICE_X41Y82         FDRE                                         r  Blue/count_reg[12]/R
  -------------------------------------------------------------------    -------------------

                         (clock sys_clk_pin rise edge)
                                                      0.000     0.000 r  
    K17                                               0.000     0.000 r  sys_clk (IN)
                         net (fo=0)                   0.000     0.000    sys_clk
    K17                  IBUF (Prop_ibuf_I_O)         0.447     0.447 r  sys_clk_IBUF_inst/O
                         net (fo=1, routed)           0.683     1.130    sys_clk_IBUF
    BUFGCTRL_X0Y16       BUFG (Prop_bufg_I_O)         0.029     1.159 r  sys_clk_IBUF_BUFG_inst/O
                         net (fo=81, routed)          0.850     2.009    Blue/sys_clk_IBUF_BUFG
    SLICE_X41Y82         FDRE                                         r  Blue/count_reg[12]/C

Slack:                    inf
  Source:                 rst
                            (input port)
  Destination:            Blue/count_reg[13]/R
                            (rising edge-triggered cell FDRE clocked by sys_clk_pin  {rise@0.000ns fall@4.000ns period=8.000ns})
  Path Group:             (none)
  Path Type:              Hold (Min at Fast Process Corner)
  Data Path Delay:        1.130ns  (logic 0.302ns (26.681%)  route 0.829ns (73.319%))
  Logic Levels:           2  (IBUF=1 LUT5=1)
  Clock Path Skew:        2.009ns (DCD - SCD - CPR)
    Destination Clock Delay (DCD):    2.009ns
    Source Clock Delay      (SCD):    0.000ns
    Clock Pessimism Removal (CPR):    -0.000ns

    Location             Delay type                Incr(ns)  Path(ns)    Netlist Resource(s)
  -------------------------------------------------------------------    -------------------
    K18                                               0.000     0.000 r  rst (IN)
                         net (fo=0)                   0.000     0.000    rst
    K18                  IBUF (Prop_ibuf_I_O)         0.257     0.257 r  rst_IBUF_inst/O
                         net (fo=6, routed)           0.642     0.898    Blue/rst_IBUF
    SLICE_X42Y82         LUT5 (Prop_lut5_I1_O)        0.045     0.943 r  Blue/count[0]_i_1__1/O
                         net (fo=26, routed)          0.187     1.130    Blue/count[0]_i_1__1_n_0
    SLICE_X41Y82         FDRE                                         r  Blue/count_reg[13]/R
  -------------------------------------------------------------------    -------------------

                         (clock sys_clk_pin rise edge)
                                                      0.000     0.000 r  
    K17                                               0.000     0.000 r  sys_clk (IN)
                         net (fo=0)                   0.000     0.000    sys_clk
    K17                  IBUF (Prop_ibuf_I_O)         0.447     0.447 r  sys_clk_IBUF_inst/O
                         net (fo=1, routed)           0.683     1.130    sys_clk_IBUF
    BUFGCTRL_X0Y16       BUFG (Prop_bufg_I_O)         0.029     1.159 r  sys_clk_IBUF_BUFG_inst/O
                         net (fo=81, routed)          0.850     2.009    Blue/sys_clk_IBUF_BUFG
    SLICE_X41Y82         FDRE                                         r  Blue/count_reg[13]/C

Slack:                    inf
  Source:                 rst
                            (input port)
  Destination:            Blue/count_reg[14]/R
                            (rising edge-triggered cell FDRE clocked by sys_clk_pin  {rise@0.000ns fall@4.000ns period=8.000ns})
  Path Group:             (none)
  Path Type:              Hold (Min at Fast Process Corner)
  Data Path Delay:        1.130ns  (logic 0.302ns (26.681%)  route 0.829ns (73.319%))
  Logic Levels:           2  (IBUF=1 LUT5=1)
  Clock Path Skew:        2.009ns (DCD - SCD - CPR)
    Destination Clock Delay (DCD):    2.009ns
    Source Clock Delay      (SCD):    0.000ns
    Clock Pessimism Removal (CPR):    -0.000ns

    Location             Delay type                Incr(ns)  Path(ns)    Netlist Resource(s)
  -------------------------------------------------------------------    -------------------
    K18                                               0.000     0.000 r  rst (IN)
                         net (fo=0)                   0.000     0.000    rst
    K18                  IBUF (Prop_ibuf_I_O)         0.257     0.257 r  rst_IBUF_inst/O
                         net (fo=6, routed)           0.642     0.898    Blue/rst_IBUF
    SLICE_X42Y82         LUT5 (Prop_lut5_I1_O)        0.045     0.943 r  Blue/count[0]_i_1__1/O
                         net (fo=26, routed)          0.187     1.130    Blue/count[0]_i_1__1_n_0
    SLICE_X41Y82         FDRE                                         r  Blue/count_reg[14]/R
  -------------------------------------------------------------------    -------------------

                         (clock sys_clk_pin rise edge)
                                                      0.000     0.000 r  
    K17                                               0.000     0.000 r  sys_clk (IN)
                         net (fo=0)                   0.000     0.000    sys_clk
    K17                  IBUF (Prop_ibuf_I_O)         0.447     0.447 r  sys_clk_IBUF_inst/O
                         net (fo=1, routed)           0.683     1.130    sys_clk_IBUF
    BUFGCTRL_X0Y16       BUFG (Prop_bufg_I_O)         0.029     1.159 r  sys_clk_IBUF_BUFG_inst/O
                         net (fo=81, routed)          0.850     2.009    Blue/sys_clk_IBUF_BUFG
    SLICE_X41Y82         FDRE                                         r  Blue/count_reg[14]/C





